mode: atomic
salesmee/internal/db/db.go:15.16,22.34 5 0
salesmee/internal/db/db.go:22.34,25.3 2 0
salesmee/internal/db/db.go:25.8,25.25 1 0
salesmee/internal/db/db.go:25.25,36.3 3 0
salesmee/internal/db/db.go:36.8,38.3 1 0
salesmee/internal/db/db.go:40.2,40.16 1 0
salesmee/internal/db/db.go:40.16,42.3 1 0
salesmee/internal/db/db.go:44.2,44.48 1 0
salesmee/internal/handlers/business/analytics.go:25.56,27.21 2 0
salesmee/internal/handlers/business/analytics.go:27.21,30.3 2 0
salesmee/internal/handlers/business/analytics.go:32.2,33.71 2 0
salesmee/internal/handlers/business/analytics.go:33.71,36.3 2 0
salesmee/internal/handlers/business/analytics.go:38.2,61.4 2 0
salesmee/internal/handlers/business/analytics.go:73.96,116.27 36 0
salesmee/internal/handlers/business/analytics.go:116.27,119.3 2 0
salesmee/internal/handlers/business/analytics.go:120.2,120.29 1 0
salesmee/internal/handlers/business/analytics.go:120.29,123.3 2 0
salesmee/internal/handlers/business/analytics.go:125.2,125.39 1 0
salesmee/internal/handlers/business/analytics.go:125.39,127.3 1 0
salesmee/internal/handlers/business/analytics.go:128.2,128.51 1 0
salesmee/internal/handlers/business/analytics.go:128.51,130.3 1 0
salesmee/internal/handlers/business/analytics.go:131.2,131.31 1 0
salesmee/internal/handlers/business/analytics.go:131.31,133.3 1 0
salesmee/internal/handlers/business/analytics.go:135.2,135.10 1 0
salesmee/internal/handlers/business/analytics.go:138.61,140.21 2 0
salesmee/internal/handlers/business/analytics.go:140.21,143.3 2 0
salesmee/internal/handlers/business/analytics.go:145.2,146.71 2 0
salesmee/internal/handlers/business/analytics.go:146.71,149.3 2 0
salesmee/internal/handlers/business/analytics.go:151.2,173.4 3 0
salesmee/internal/handlers/business/analytics.go:176.65,178.21 2 0
salesmee/internal/handlers/business/analytics.go:178.21,181.3 2 0
salesmee/internal/handlers/business/analytics.go:183.2,184.71 2 0
salesmee/internal/handlers/business/analytics.go:184.71,187.3 2 0
salesmee/internal/handlers/business/analytics.go:189.2,204.4 3 0
salesmee/internal/handlers/business/bookings.go:16.63,19.19 2 0
salesmee/internal/handlers/business/bookings.go:19.19,22.3 2 0
salesmee/internal/handlers/business/bookings.go:24.2,31.51 2 0
salesmee/internal/handlers/business/bookings.go:31.51,34.3 2 0
salesmee/internal/handlers/business/bookings.go:36.2,37.70 2 0
salesmee/internal/handlers/business/bookings.go:37.70,40.3 2 0
salesmee/internal/handlers/business/bookings.go:43.2,44.60 2 0
salesmee/internal/handlers/business/bookings.go:44.60,47.3 2 0
salesmee/internal/handlers/business/bookings.go:50.2,51.16 2 0
salesmee/internal/handlers/business/bookings.go:51.16,54.3 2 0
salesmee/internal/handlers/business/bookings.go:57.2,69.52 2 0
salesmee/internal/handlers/business/bookings.go:69.52,72.3 2 0
salesmee/internal/handlers/business/bookings.go:75.2,83.56 2 0
salesmee/internal/handlers/business/bookings.go:83.56,86.3 2 0
salesmee/internal/handlers/business/bookings.go:88.2,88.97 1 0
salesmee/internal/handlers/business/bookings.go:91.55,93.21 2 0
salesmee/internal/handlers/business/bookings.go:93.21,96.3 2 0
salesmee/internal/handlers/business/bookings.go:98.2,99.71 2 0
salesmee/internal/handlers/business/bookings.go:99.71,102.3 2 0
salesmee/internal/handlers/business/bookings.go:104.2,113.35 7 0
salesmee/internal/handlers/business/bookings.go:113.35,114.25 1 0
salesmee/internal/handlers/business/bookings.go:115.18,116.18 1 0
salesmee/internal/handlers/business/bookings.go:117.27,118.20 1 0
salesmee/internal/handlers/business/bookings.go:119.20,121.39 2 0
salesmee/internal/handlers/business/bookings.go:122.20,123.20 1 0
salesmee/internal/handlers/business/bookings.go:127.2,139.4 1 0
salesmee/internal/handlers/business/bookings.go:142.60,144.21 2 0
salesmee/internal/handlers/business/bookings.go:144.21,147.3 2 0
salesmee/internal/handlers/business/bookings.go:149.2,150.71 2 0
salesmee/internal/handlers/business/bookings.go:150.71,153.3 2 0
salesmee/internal/handlers/business/bookings.go:155.2,164.35 7 0
salesmee/internal/handlers/business/bookings.go:164.35,165.25 1 0
salesmee/internal/handlers/business/bookings.go:166.18,167.18 1 0
salesmee/internal/handlers/business/bookings.go:168.27,169.20 1 0
salesmee/internal/handlers/business/bookings.go:170.20,172.39 2 0
salesmee/internal/handlers/business/bookings.go:173.20,174.20 1 0
salesmee/internal/handlers/business/bookings.go:178.2,188.4 1 0
salesmee/internal/handlers/business/bookings.go:191.64,193.21 2 0
salesmee/internal/handlers/business/bookings.go:193.21,196.3 2 0
salesmee/internal/handlers/business/bookings.go:198.2,199.71 2 0
salesmee/internal/handlers/business/bookings.go:199.71,202.3 2 0
salesmee/internal/handlers/business/bookings.go:204.2,213.35 7 0
salesmee/internal/handlers/business/bookings.go:213.35,214.25 1 0
salesmee/internal/handlers/business/bookings.go:215.18,216.18 1 0
salesmee/internal/handlers/business/bookings.go:217.27,218.20 1 0
salesmee/internal/handlers/business/bookings.go:219.20,221.39 2 0
salesmee/internal/handlers/business/bookings.go:222.20,223.20 1 0
salesmee/internal/handlers/business/bookings.go:227.2,235.4 1 0
salesmee/internal/handlers/business/bookings.go:238.54,240.21 2 0
salesmee/internal/handlers/business/bookings.go:240.21,243.3 2 0
salesmee/internal/handlers/business/bookings.go:245.2,246.16 2 0
salesmee/internal/handlers/business/bookings.go:246.16,249.3 2 0
salesmee/internal/handlers/business/bookings.go:251.2,252.110 2 0
salesmee/internal/handlers/business/bookings.go:252.110,255.3 2 0
salesmee/internal/handlers/business/bookings.go:257.2,257.67 1 0
salesmee/internal/handlers/business/bookings.go:260.63,262.21 2 0
salesmee/internal/handlers/business/bookings.go:262.21,265.3 2 0
salesmee/internal/handlers/business/bookings.go:267.2,272.51 3 0
salesmee/internal/handlers/business/bookings.go:272.51,275.3 2 0
salesmee/internal/handlers/business/bookings.go:277.2,278.103 2 0
salesmee/internal/handlers/business/bookings.go:278.103,281.3 2 0
salesmee/internal/handlers/business/bookings.go:283.2,292.9 4 0
salesmee/internal/handlers/business/bookings.go:292.9,295.3 2 0
salesmee/internal/handlers/business/bookings.go:297.2,298.28 2 0
salesmee/internal/handlers/business/bookings.go:298.28,299.21 1 0
salesmee/internal/handlers/business/bookings.go:299.21,301.9 2 0
salesmee/internal/handlers/business/bookings.go:305.2,305.24 1 0
salesmee/internal/handlers/business/bookings.go:305.24,310.3 2 0
salesmee/internal/handlers/business/bookings.go:312.2,313.50 2 0
salesmee/internal/handlers/business/bookings.go:313.50,316.3 2 0
salesmee/internal/handlers/business/bookings.go:318.2,319.121 2 0
salesmee/internal/handlers/business/bookings.go:319.121,321.3 1 0
salesmee/internal/handlers/business/bookings.go:323.2,323.67 1 0
salesmee/internal/handlers/business/bookings.go:327.61,329.21 2 0
salesmee/internal/handlers/business/bookings.go:329.21,332.3 2 0
salesmee/internal/handlers/business/bookings.go:334.2,338.110 4 0
salesmee/internal/handlers/business/bookings.go:338.110,341.3 2 0
salesmee/internal/handlers/business/bookings.go:343.2,343.42 1 0
salesmee/internal/handlers/business/bookings.go:343.42,346.3 2 0
salesmee/internal/handlers/business/bookings.go:348.2,363.121 6 0
salesmee/internal/handlers/business/bookings.go:363.121,365.3 1 0
salesmee/internal/handlers/business/bookings.go:367.2,370.4 1 0
salesmee/internal/handlers/business/bookings.go:374.61,376.21 2 0
salesmee/internal/handlers/business/bookings.go:376.21,379.3 2 0
salesmee/internal/handlers/business/bookings.go:381.2,382.16 2 0
salesmee/internal/handlers/business/bookings.go:382.16,385.3 2 0
salesmee/internal/handlers/business/bookings.go:387.2,388.200 2 0
salesmee/internal/handlers/business/bookings.go:388.200,391.3 2 0
salesmee/internal/handlers/business/bookings.go:393.2,393.35 1 0
salesmee/internal/handlers/business/bookings.go:393.35,396.3 2 0
salesmee/internal/handlers/business/bookings.go:398.2,401.4 1 0
salesmee/internal/handlers/business/bookings.go:404.57,406.21 2 0
salesmee/internal/handlers/business/bookings.go:406.21,409.3 2 0
salesmee/internal/handlers/business/bookings.go:411.2,412.16 2 0
salesmee/internal/handlers/business/bookings.go:412.16,415.3 2 0
salesmee/internal/handlers/business/bookings.go:417.2,418.110 2 0
salesmee/internal/handlers/business/bookings.go:418.110,421.3 2 0
salesmee/internal/handlers/business/bookings.go:423.2,429.51 2 0
salesmee/internal/handlers/business/bookings.go:429.51,432.3 2 0
salesmee/internal/handlers/business/bookings.go:434.2,436.31 2 0
salesmee/internal/handlers/business/bookings.go:436.31,438.17 2 0
salesmee/internal/handlers/business/bookings.go:438.17,440.4 1 0
salesmee/internal/handlers/business/bookings.go:443.2,443.27 1 0
salesmee/internal/handlers/business/bookings.go:443.27,445.71 2 0
salesmee/internal/handlers/business/bookings.go:445.71,446.37 1 0
salesmee/internal/handlers/business/bookings.go:446.37,451.5 4 0
salesmee/internal/handlers/business/bookings.go:452.4,452.42 1 0
salesmee/internal/handlers/business/bookings.go:456.2,456.50 1 0
salesmee/internal/handlers/business/bookings.go:456.50,459.3 2 0
salesmee/internal/handlers/business/bookings.go:461.2,461.67 1 0
salesmee/internal/handlers/business/bookings.go:465.57,467.21 2 0
salesmee/internal/handlers/business/bookings.go:467.21,470.3 2 0
salesmee/internal/handlers/business/bookings.go:472.2,483.51 2 0
salesmee/internal/handlers/business/bookings.go:483.51,487.3 3 0
salesmee/internal/handlers/business/bookings.go:490.2,491.118 2 0
salesmee/internal/handlers/business/bookings.go:491.118,494.3 2 0
salesmee/internal/handlers/business/bookings.go:497.2,498.26 2 0
salesmee/internal/handlers/business/bookings.go:498.26,499.69 1 0
salesmee/internal/handlers/business/bookings.go:499.69,502.4 2 0
salesmee/internal/handlers/business/bookings.go:503.8,510.52 2 0
salesmee/internal/handlers/business/bookings.go:510.52,513.4 2 0
salesmee/internal/handlers/business/bookings.go:517.2,518.16 2 0
salesmee/internal/handlers/business/bookings.go:518.16,521.3 2 0
salesmee/internal/handlers/business/bookings.go:523.2,524.27 2 0
salesmee/internal/handlers/business/bookings.go:524.27,526.3 1 0
salesmee/internal/handlers/business/bookings.go:529.2,541.27 2 0
salesmee/internal/handlers/business/bookings.go:541.27,543.3 1 0
salesmee/internal/handlers/business/bookings.go:545.2,545.52 1 0
salesmee/internal/handlers/business/bookings.go:545.52,548.3 2 0
salesmee/internal/handlers/business/bookings.go:551.2,558.56 2 0
salesmee/internal/handlers/business/bookings.go:558.56,561.3 2 0
salesmee/internal/handlers/business/bookings.go:564.2,564.27 1 0
salesmee/internal/handlers/business/bookings.go:564.27,573.3 2 0
salesmee/internal/handlers/business/bookings.go:576.2,577.114 2 0
salesmee/internal/handlers/business/bookings.go:577.114,579.3 1 0
salesmee/internal/handlers/business/bookings.go:581.2,585.4 1 0
salesmee/internal/handlers/business/bookings.go:587.37,589.2 1 0
salesmee/internal/handlers/business/business.go:25.55,27.2 1 0
salesmee/internal/handlers/business/business.go:53.56,57.64 3 0
salesmee/internal/handlers/business/business.go:57.64,60.3 2 0
salesmee/internal/handlers/business/business.go:62.2,64.26 3 0
salesmee/internal/handlers/business/business.go:64.26,66.3 1 0
salesmee/internal/handlers/business/business.go:67.2,86.4 7 0
salesmee/internal/handlers/business/business.go:89.54,93.64 3 0
salesmee/internal/handlers/business/business.go:93.64,99.3 2 0
salesmee/internal/handlers/business/business.go:102.2,128.83 4 0
salesmee/internal/handlers/business/business.go:128.83,137.3 2 0
salesmee/internal/handlers/business/business.go:140.2,140.35 1 0
salesmee/internal/handlers/business/business.go:140.35,141.36 1 0
salesmee/internal/handlers/business/business.go:141.36,143.4 1 0
salesmee/internal/handlers/business/business.go:143.9,145.4 1 0
salesmee/internal/handlers/business/business.go:149.2,160.38 5 0
salesmee/internal/handlers/business/business.go:160.38,162.3 1 0
salesmee/internal/handlers/business/business.go:164.2,171.40 4 0
salesmee/internal/handlers/business/business.go:171.40,173.3 1 0
salesmee/internal/handlers/business/business.go:175.2,175.35 1 0
salesmee/internal/handlers/business/business.go:175.35,177.3 1 0
salesmee/internal/handlers/business/business.go:180.2,189.38 7 0
salesmee/internal/handlers/business/business.go:189.38,190.17 1 0
salesmee/internal/handlers/business/business.go:190.17,192.4 1 0
salesmee/internal/handlers/business/business.go:195.2,205.4 1 0
salesmee/internal/handlers/business/business.go:208.56,210.21 2 0
salesmee/internal/handlers/business/business.go:210.21,213.3 2 0
salesmee/internal/handlers/business/business.go:216.2,217.71 2 0
salesmee/internal/handlers/business/business.go:217.71,220.3 2 0
salesmee/internal/handlers/business/business.go:223.2,290.41 35 0
salesmee/internal/handlers/business/business.go:290.41,292.3 1 0
salesmee/internal/handlers/business/business.go:292.8,294.3 1 0
salesmee/internal/handlers/business/business.go:298.113,301.16 3 0
salesmee/internal/handlers/business/business.go:301.16,306.58 2 0
salesmee/internal/handlers/business/business.go:306.58,308.4 1 0
salesmee/internal/handlers/business/business.go:310.2,310.27 1 0
salesmee/internal/handlers/business/business.go:313.65,317.64 3 0
salesmee/internal/handlers/business/business.go:317.64,320.3 2 0
salesmee/internal/handlers/business/business.go:322.2,330.16 8 0
salesmee/internal/handlers/business/business.go:330.16,332.3 1 0
salesmee/internal/handlers/business/business.go:333.2,333.20 1 0
salesmee/internal/handlers/business/business.go:333.20,335.3 1 0
salesmee/internal/handlers/business/business.go:336.2,336.17 1 0
salesmee/internal/handlers/business/business.go:336.17,338.3 1 0
salesmee/internal/handlers/business/business.go:339.2,339.19 1 0
salesmee/internal/handlers/business/business.go:339.19,341.3 1 0
salesmee/internal/handlers/business/business.go:342.2,342.20 1 0
salesmee/internal/handlers/business/business.go:342.20,344.3 1 0
salesmee/internal/handlers/business/business.go:345.2,345.20 1 0
salesmee/internal/handlers/business/business.go:345.20,347.3 1 0
salesmee/internal/handlers/business/business.go:349.2,350.16 2 0
salesmee/internal/handlers/business/business.go:350.16,354.90 3 0
salesmee/internal/handlers/business/business.go:354.90,355.34 1 0
salesmee/internal/handlers/business/business.go:355.34,360.19 5 0
salesmee/internal/handlers/business/business.go:360.19,362.50 2 0
salesmee/internal/handlers/business/business.go:362.50,365.7 2 0
salesmee/internal/handlers/business/business.go:371.2,371.22 1 0
salesmee/internal/handlers/business/business.go:371.22,372.70 1 0
salesmee/internal/handlers/business/business.go:372.70,375.4 2 0
salesmee/internal/handlers/business/business.go:378.2,378.47 1 0
salesmee/internal/handlers/business/business.go:381.62,385.16 3 0
salesmee/internal/handlers/business/business.go:385.16,388.3 2 0
salesmee/internal/handlers/business/business.go:389.2,392.89 3 0
salesmee/internal/handlers/business/business.go:392.89,395.3 2 0
salesmee/internal/handlers/business/business.go:397.2,397.31 1 0
salesmee/internal/handlers/business/business.go:397.31,400.3 2 0
salesmee/internal/handlers/business/business.go:402.2,403.53 2 0
salesmee/internal/handlers/business/business.go:403.53,406.3 2 0
salesmee/internal/handlers/business/business.go:408.2,410.16 3 0
salesmee/internal/handlers/business/business.go:410.16,413.3 2 0
salesmee/internal/handlers/business/business.go:414.2,416.46 2 0
salesmee/internal/handlers/business/business.go:416.46,419.3 2 0
salesmee/internal/handlers/business/business.go:421.2,422.114 2 0
salesmee/internal/handlers/business/business.go:422.114,425.3 2 0
salesmee/internal/handlers/business/business.go:427.2,430.4 1 0
salesmee/internal/handlers/business/business.go:433.61,436.64 3 0
salesmee/internal/handlers/business/business.go:436.64,439.3 2 0
salesmee/internal/handlers/business/business.go:442.2,502.47 34 0
salesmee/internal/handlers/business/business.go:505.58,509.64 3 0
salesmee/internal/handlers/business/business.go:509.64,512.3 2 0
salesmee/internal/handlers/business/business.go:515.2,520.25 6 0
salesmee/internal/handlers/business/business.go:520.25,521.67 1 0
salesmee/internal/handlers/business/business.go:521.67,523.4 1 0
salesmee/internal/handlers/business/business.go:525.2,527.16 3 0
salesmee/internal/handlers/business/business.go:527.16,529.3 1 0
salesmee/internal/handlers/business/business.go:532.2,534.6 3 0
salesmee/internal/handlers/business/business.go:534.6,536.89 2 0
salesmee/internal/handlers/business/business.go:536.89,537.9 1 0
salesmee/internal/handlers/business/business.go:539.3,542.20 4 0
salesmee/internal/handlers/business/business.go:542.20,545.4 2 0
salesmee/internal/handlers/business/business.go:548.2,551.26 3 0
salesmee/internal/handlers/business/business.go:551.26,553.3 1 0
salesmee/internal/handlers/business/business.go:554.2,562.4 3 0
salesmee/internal/handlers/business/business.go:565.65,569.64 3 0
salesmee/internal/handlers/business/business.go:569.64,572.3 2 0
salesmee/internal/handlers/business/business.go:574.2,582.49 8 0
salesmee/internal/handlers/business/business.go:582.49,585.3 2 0
salesmee/internal/handlers/business/business.go:587.2,589.20 2 0
salesmee/internal/handlers/business/business.go:589.20,590.34 1 0
salesmee/internal/handlers/business/business.go:590.34,593.4 2 0
salesmee/internal/handlers/business/business.go:594.3,594.24 1 0
salesmee/internal/handlers/business/business.go:594.24,597.4 2 0
salesmee/internal/handlers/business/business.go:598.3,598.18 1 0
salesmee/internal/handlers/business/business.go:601.2,601.29 1 0
salesmee/internal/handlers/business/business.go:601.29,603.3 1 0
salesmee/internal/handlers/business/business.go:605.2,614.20 2 0
salesmee/internal/handlers/business/business.go:614.20,616.3 1 0
salesmee/internal/handlers/business/business.go:618.2,620.16 3 0
salesmee/internal/handlers/business/business.go:620.16,623.90 3 0
salesmee/internal/handlers/business/business.go:623.90,624.34 1 0
salesmee/internal/handlers/business/business.go:624.34,629.19 5 0
salesmee/internal/handlers/business/business.go:629.19,631.50 2 0
salesmee/internal/handlers/business/business.go:631.50,633.7 1 0
salesmee/internal/handlers/business/business.go:639.2,639.15 1 0
salesmee/internal/handlers/business/business.go:639.15,645.20 2 0
salesmee/internal/handlers/business/business.go:645.20,647.4 1 0
salesmee/internal/handlers/business/business.go:648.3,648.21 1 0
salesmee/internal/handlers/business/business.go:648.21,650.4 1 0
salesmee/internal/handlers/business/business.go:651.3,651.21 1 0
salesmee/internal/handlers/business/business.go:651.21,653.4 1 0
salesmee/internal/handlers/business/business.go:654.3,654.21 1 0
salesmee/internal/handlers/business/business.go:654.21,656.4 1 0
salesmee/internal/handlers/business/business.go:657.3,657.70 1 0
salesmee/internal/handlers/business/business.go:657.70,660.4 2 0
salesmee/internal/handlers/business/business.go:661.3,662.9 2 0
salesmee/internal/handlers/business/business.go:665.2,673.12 6 0
salesmee/internal/handlers/business/business.go:673.12,674.72 1 0
salesmee/internal/handlers/business/business.go:674.72,676.4 1 0
salesmee/internal/handlers/business/business.go:679.2,684.4 2 0
salesmee/internal/handlers/business/business.go:687.64,692.30 4 0
salesmee/internal/handlers/business/business.go:692.30,695.3 2 0
salesmee/internal/handlers/business/business.go:697.2,698.9 2 0
salesmee/internal/handlers/business/business.go:698.9,701.3 2 0
salesmee/internal/handlers/business/business.go:703.2,703.38 1 0
salesmee/internal/handlers/business/business.go:703.38,706.3 2 0
salesmee/internal/handlers/business/business.go:708.2,708.44 1 0
salesmee/internal/handlers/business/business.go:708.44,711.3 2 0
salesmee/internal/handlers/business/business.go:713.2,713.28 1 0
salesmee/internal/handlers/business/business.go:713.28,716.3 2 0
salesmee/internal/handlers/business/business.go:718.2,723.27 2 0
salesmee/internal/handlers/business/business.go:723.27,725.3 1 0
salesmee/internal/handlers/business/business.go:726.2,726.28 1 0
salesmee/internal/handlers/business/business.go:726.28,728.3 1 0
salesmee/internal/handlers/business/business.go:729.2,729.28 1 0
salesmee/internal/handlers/business/business.go:729.28,731.3 1 0
salesmee/internal/handlers/business/business.go:732.2,732.24 1 0
salesmee/internal/handlers/business/business.go:732.24,734.3 1 0
salesmee/internal/handlers/business/business.go:736.2,736.106 1 0
salesmee/internal/handlers/business/business.go:736.106,739.3 2 0
salesmee/internal/handlers/business/business.go:741.2,743.47 2 0
salesmee/internal/handlers/business/business.go:746.60,750.17 3 0
salesmee/internal/handlers/business/business.go:750.17,753.3 2 0
salesmee/internal/handlers/business/business.go:755.2,756.9 2 0
salesmee/internal/handlers/business/business.go:756.9,759.3 2 0
salesmee/internal/handlers/business/business.go:761.2,761.38 1 0
salesmee/internal/handlers/business/business.go:761.38,764.3 2 0
salesmee/internal/handlers/business/business.go:766.2,767.64 2 0
salesmee/internal/handlers/business/business.go:767.64,770.3 2 0
salesmee/internal/handlers/business/business.go:772.2,777.12 5 0
salesmee/internal/handlers/business/business.go:777.12,778.72 1 0
salesmee/internal/handlers/business/business.go:778.72,780.4 1 0
salesmee/internal/handlers/business/business.go:783.2,785.47 2 0
salesmee/internal/handlers/business/business.go:801.69,805.11 3 0
salesmee/internal/handlers/business/business.go:806.19,810.22 4 0
salesmee/internal/handlers/business/business.go:811.19,814.25 3 0
salesmee/internal/handlers/business/business.go:815.23,818.26 3 0
salesmee/internal/handlers/business/business.go:819.23,822.26 3 0
salesmee/internal/handlers/business/business.go:823.20,826.23 3 0
salesmee/internal/handlers/business/business.go:827.10,830.23 3 0
salesmee/internal/handlers/business/business.go:832.2,832.8 1 0
salesmee/internal/handlers/business/business.go:835.61,837.21 2 0
salesmee/internal/handlers/business/business.go:837.21,840.3 2 0
salesmee/internal/handlers/business/business.go:842.2,846.71 4 0
salesmee/internal/handlers/business/business.go:846.71,849.3 2 0
salesmee/internal/handlers/business/business.go:851.2,894.48 23 0
salesmee/internal/handlers/business/business_widgets.go:15.35,18.16 3 0
salesmee/internal/handlers/business/business_widgets.go:18.16,21.3 2 0
salesmee/internal/handlers/business/business_widgets.go:24.2,25.105 2 0
salesmee/internal/handlers/business/business_widgets.go:25.105,28.3 2 0
salesmee/internal/handlers/business/business_widgets.go:31.2,32.84 2 0
salesmee/internal/handlers/business/business_widgets.go:32.84,35.3 2 0
salesmee/internal/handlers/business/business_widgets.go:38.2,52.52 4 0
salesmee/internal/handlers/business/business_widgets.go:52.52,55.3 2 0
salesmee/internal/handlers/business/business_widgets.go:58.2,64.53 2 0
salesmee/internal/handlers/business/business_widgets.go:64.53,67.3 2 0
salesmee/internal/handlers/business/business_widgets.go:70.2,79.4 4 0
salesmee/internal/handlers/business/business_widgets.go:83.33,86.16 3 0
salesmee/internal/handlers/business/business_widgets.go:86.16,89.3 2 0
salesmee/internal/handlers/business/business_widgets.go:92.2,93.105 2 0
salesmee/internal/handlers/business/business_widgets.go:93.105,96.3 2 0
salesmee/internal/handlers/business/business_widgets.go:99.2,100.84 2 0
salesmee/internal/handlers/business/business_widgets.go:100.84,103.3 2 0
salesmee/internal/handlers/business/business_widgets.go:106.2,119.52 4 0
salesmee/internal/handlers/business/business_widgets.go:119.52,122.3 2 0
salesmee/internal/handlers/business/business_widgets.go:125.2,131.53 2 0
salesmee/internal/handlers/business/business_widgets.go:131.53,134.3 2 0
salesmee/internal/handlers/business/business_widgets.go:137.2,146.4 4 0
salesmee/internal/handlers/business/business_widgets.go:150.37,153.16 3 0
salesmee/internal/handlers/business/business_widgets.go:153.16,156.3 2 0
salesmee/internal/handlers/business/business_widgets.go:159.2,160.105 2 0
salesmee/internal/handlers/business/business_widgets.go:160.105,163.3 2 0
salesmee/internal/handlers/business/business_widgets.go:166.2,167.84 2 0
salesmee/internal/handlers/business/business_widgets.go:167.84,170.3 2 0
salesmee/internal/handlers/business/business_widgets.go:173.2,186.52 4 0
salesmee/internal/handlers/business/business_widgets.go:186.52,189.3 2 0
salesmee/internal/handlers/business/business_widgets.go:192.2,198.53 2 0
salesmee/internal/handlers/business/business_widgets.go:198.53,201.3 2 0
salesmee/internal/handlers/business/business_widgets.go:204.2,213.4 4 0
salesmee/internal/handlers/business/business_widgets.go:217.30,220.16 3 0
salesmee/internal/handlers/business/business_widgets.go:220.16,223.3 2 0
salesmee/internal/handlers/business/business_widgets.go:226.2,227.105 2 0
salesmee/internal/handlers/business/business_widgets.go:227.105,230.3 2 0
salesmee/internal/handlers/business/business_widgets.go:233.2,234.84 2 0
salesmee/internal/handlers/business/business_widgets.go:234.84,237.3 2 0
salesmee/internal/handlers/business/business_widgets.go:240.2,257.25 6 0
salesmee/internal/handlers/business/business_widgets.go:257.25,258.77 1 0
salesmee/internal/handlers/business/business_widgets.go:258.77,260.4 1 0
salesmee/internal/handlers/business/business_widgets.go:263.2,263.52 1 0
salesmee/internal/handlers/business/business_widgets.go:263.52,266.3 2 0
salesmee/internal/handlers/business/business_widgets.go:269.2,275.53 2 0
salesmee/internal/handlers/business/business_widgets.go:275.53,278.3 2 0
salesmee/internal/handlers/business/business_widgets.go:281.2,290.4 4 0
salesmee/internal/handlers/business/orders.go:16.55,18.21 2 0
salesmee/internal/handlers/business/orders.go:18.21,21.3 2 0
salesmee/internal/handlers/business/orders.go:23.2,35.51 2 0
salesmee/internal/handlers/business/orders.go:35.51,38.3 2 0
salesmee/internal/handlers/business/orders.go:41.2,42.118 2 0
salesmee/internal/handlers/business/orders.go:42.118,45.3 2 0
salesmee/internal/handlers/business/orders.go:48.2,48.38 1 0
salesmee/internal/handlers/business/orders.go:48.38,51.3 2 0
salesmee/internal/handlers/business/orders.go:54.2,55.26 2 0
salesmee/internal/handlers/business/orders.go:55.26,56.69 1 0
salesmee/internal/handlers/business/orders.go:56.69,59.4 2 0
salesmee/internal/handlers/business/orders.go:60.8,67.52 2 0
salesmee/internal/handlers/business/orders.go:67.52,70.4 2 0
salesmee/internal/handlers/business/orders.go:73.2,74.27 2 0
salesmee/internal/handlers/business/orders.go:74.27,76.3 1 0
salesmee/internal/handlers/business/orders.go:79.2,91.27 2 0
salesmee/internal/handlers/business/orders.go:91.27,93.3 1 0
salesmee/internal/handlers/business/orders.go:95.2,95.50 1 0
salesmee/internal/handlers/business/orders.go:95.50,98.3 2 0
salesmee/internal/handlers/business/orders.go:101.2,109.54 2 0
salesmee/internal/handlers/business/orders.go:109.54,112.3 2 0
salesmee/internal/handlers/business/orders.go:115.2,116.50 2 0
salesmee/internal/handlers/business/orders.go:116.50,119.3 2 0
salesmee/internal/handlers/business/orders.go:122.2,131.27 3 0
salesmee/internal/handlers/business/orders.go:131.27,140.3 2 0
salesmee/internal/handlers/business/orders.go:143.2,144.114 2 0
salesmee/internal/handlers/business/orders.go:144.114,146.3 1 0
salesmee/internal/handlers/business/orders.go:148.2,152.4 1 0
salesmee/internal/handlers/business/orders.go:155.53,157.21 2 0
salesmee/internal/handlers/business/orders.go:157.21,160.3 2 0
salesmee/internal/handlers/business/orders.go:162.2,163.71 2 0
salesmee/internal/handlers/business/orders.go:163.71,166.3 2 0
salesmee/internal/handlers/business/orders.go:168.2,177.31 7 0
salesmee/internal/handlers/business/orders.go:177.31,178.23 1 0
salesmee/internal/handlers/business/orders.go:179.16,180.16 1 0
salesmee/internal/handlers/business/orders.go:181.18,182.18 1 0
salesmee/internal/handlers/business/orders.go:183.27,184.26 1 0
salesmee/internal/handlers/business/orders.go:185.20,186.20 1 0
salesmee/internal/handlers/business/orders.go:187.20,188.20 1 0
salesmee/internal/handlers/business/orders.go:189.20,190.20 1 0
salesmee/internal/handlers/business/orders.go:192.3,192.36 1 0
salesmee/internal/handlers/business/orders.go:195.2,209.4 1 0
salesmee/internal/handlers/business/orders.go:212.58,214.21 2 0
salesmee/internal/handlers/business/orders.go:214.21,217.3 2 0
salesmee/internal/handlers/business/orders.go:219.2,220.71 2 0
salesmee/internal/handlers/business/orders.go:220.71,223.3 2 0
salesmee/internal/handlers/business/orders.go:225.2,234.31 7 0
salesmee/internal/handlers/business/orders.go:234.31,235.23 1 0
salesmee/internal/handlers/business/orders.go:236.16,237.16 1 0
salesmee/internal/handlers/business/orders.go:238.18,239.18 1 0
salesmee/internal/handlers/business/orders.go:240.27,241.26 1 0
salesmee/internal/handlers/business/orders.go:242.20,243.20 1 0
salesmee/internal/handlers/business/orders.go:244.20,245.20 1 0
salesmee/internal/handlers/business/orders.go:246.20,247.20 1 0
salesmee/internal/handlers/business/orders.go:249.3,249.36 1 0
salesmee/internal/handlers/business/orders.go:252.2,264.4 1 0
salesmee/internal/handlers/business/orders.go:267.62,269.21 2 0
salesmee/internal/handlers/business/orders.go:269.21,272.3 2 0
salesmee/internal/handlers/business/orders.go:274.2,275.71 2 0
salesmee/internal/handlers/business/orders.go:275.71,278.3 2 0
salesmee/internal/handlers/business/orders.go:280.2,289.31 7 0
salesmee/internal/handlers/business/orders.go:289.31,290.23 1 0
salesmee/internal/handlers/business/orders.go:291.16,292.16 1 0
salesmee/internal/handlers/business/orders.go:293.18,294.18 1 0
salesmee/internal/handlers/business/orders.go:295.27,296.26 1 0
salesmee/internal/handlers/business/orders.go:297.20,298.20 1 0
salesmee/internal/handlers/business/orders.go:299.20,300.20 1 0
salesmee/internal/handlers/business/orders.go:301.20,302.20 1 0
salesmee/internal/handlers/business/orders.go:304.3,304.36 1 0
salesmee/internal/handlers/business/orders.go:307.2,317.4 1 0
salesmee/internal/handlers/business/orders.go:320.61,322.21 2 0
salesmee/internal/handlers/business/orders.go:322.21,325.3 2 0
salesmee/internal/handlers/business/orders.go:327.2,332.51 3 0
salesmee/internal/handlers/business/orders.go:332.51,335.3 2 0
salesmee/internal/handlers/business/orders.go:337.2,338.101 2 0
salesmee/internal/handlers/business/orders.go:338.101,341.3 2 0
salesmee/internal/handlers/business/orders.go:343.2,344.48 2 0
salesmee/internal/handlers/business/orders.go:344.48,347.3 2 0
salesmee/internal/handlers/business/orders.go:349.2,350.119 2 0
salesmee/internal/handlers/business/orders.go:350.119,352.3 1 0
salesmee/internal/handlers/business/orders.go:354.2,354.63 1 0
salesmee/internal/handlers/business/orders.go:358.61,361.19 2 0
salesmee/internal/handlers/business/orders.go:361.19,364.3 2 0
salesmee/internal/handlers/business/orders.go:366.2,378.51 2 0
salesmee/internal/handlers/business/orders.go:378.51,381.3 2 0
salesmee/internal/handlers/business/orders.go:384.2,389.28 2 0
salesmee/internal/handlers/business/orders.go:389.28,394.38 2 0
salesmee/internal/handlers/business/orders.go:394.38,399.4 1 0
salesmee/internal/handlers/business/orders.go:400.8,401.54 1 0
salesmee/internal/handlers/business/orders.go:401.54,404.4 2 0
salesmee/internal/handlers/business/orders.go:405.3,408.64 1 0
salesmee/internal/handlers/business/orders.go:412.2,413.60 2 0
salesmee/internal/handlers/business/orders.go:413.60,416.3 2 0
salesmee/internal/handlers/business/orders.go:419.2,423.32 4 0
salesmee/internal/handlers/business/orders.go:423.32,425.68 2 0
salesmee/internal/handlers/business/orders.go:425.68,428.4 2 0
salesmee/internal/handlers/business/orders.go:429.3,429.29 1 0
salesmee/internal/handlers/business/orders.go:429.29,431.4 1 0
salesmee/internal/handlers/business/orders.go:432.3,439.5 3 0
salesmee/internal/handlers/business/orders.go:442.2,456.50 3 0
salesmee/internal/handlers/business/orders.go:456.50,459.3 2 0
salesmee/internal/handlers/business/orders.go:461.2,461.28 1 0
salesmee/internal/handlers/business/orders.go:461.28,463.3 1 0
salesmee/internal/handlers/business/orders.go:464.2,464.55 1 0
salesmee/internal/handlers/business/orders.go:464.55,467.3 2 0
salesmee/internal/handlers/business/orders.go:470.2,470.32 1 0
salesmee/internal/handlers/business/orders.go:470.32,481.3 5 0
salesmee/internal/handlers/business/orders.go:483.2,488.4 1 0
salesmee/internal/handlers/business/orders.go:492.55,497.16 4 0
salesmee/internal/handlers/business/orders.go:497.16,500.3 2 0
salesmee/internal/handlers/business/orders.go:502.2,503.128 2 0
salesmee/internal/handlers/business/orders.go:503.128,506.3 2 0
salesmee/internal/handlers/business/orders.go:508.2,517.51 2 0
salesmee/internal/handlers/business/orders.go:517.51,520.3 2 0
salesmee/internal/handlers/business/orders.go:522.2,522.29 1 0
salesmee/internal/handlers/business/orders.go:522.29,525.3 2 0
salesmee/internal/handlers/business/orders.go:528.2,528.43 1 0
salesmee/internal/handlers/business/orders.go:528.43,533.3 4 0
salesmee/internal/handlers/business/orders.go:536.2,542.37 4 0
salesmee/internal/handlers/business/orders.go:542.37,544.116 2 0
salesmee/internal/handlers/business/orders.go:544.116,547.4 2 0
salesmee/internal/handlers/business/orders.go:548.3,548.36 1 0
salesmee/internal/handlers/business/orders.go:548.36,551.4 2 0
salesmee/internal/handlers/business/orders.go:552.3,563.22 5 0
salesmee/internal/handlers/business/orders.go:567.2,571.35 4 0
salesmee/internal/handlers/business/orders.go:571.35,573.3 1 0
salesmee/internal/handlers/business/orders.go:574.2,577.48 3 0
salesmee/internal/handlers/business/orders.go:577.48,580.3 2 0
salesmee/internal/handlers/business/orders.go:583.2,583.28 1 0
salesmee/internal/handlers/business/orders.go:583.28,584.59 1 0
salesmee/internal/handlers/business/orders.go:584.59,587.4 2 0
salesmee/internal/handlers/business/orders.go:590.2,590.63 1 0
salesmee/internal/handlers/business/orders.go:593.35,595.2 1 0
salesmee/internal/handlers/business/orders.go:598.67,601.16 3 0
salesmee/internal/handlers/business/orders.go:601.16,604.3 2 0
salesmee/internal/handlers/business/orders.go:606.2,607.56 2 0
salesmee/internal/handlers/business/orders.go:607.56,610.3 2 0
salesmee/internal/handlers/business/orders.go:612.2,614.55 2 0
salesmee/internal/handlers/business/orders.go:614.55,617.3 2 0
salesmee/internal/handlers/business/orders.go:619.2,621.4 1 0
salesmee/internal/handlers/business/orders.go:624.67,627.16 3 0
salesmee/internal/handlers/business/orders.go:627.16,630.3 2 0
salesmee/internal/handlers/business/orders.go:632.2,633.56 2 0
salesmee/internal/handlers/business/orders.go:633.56,636.3 2 0
salesmee/internal/handlers/business/orders.go:638.2,640.55 2 0
salesmee/internal/handlers/business/orders.go:640.55,643.3 2 0
salesmee/internal/handlers/business/orders.go:645.2,647.4 1 0
salesmee/internal/handlers/business/orders.go:651.60,656.16 4 0
salesmee/internal/handlers/business/orders.go:656.16,659.3 2 0
salesmee/internal/handlers/business/orders.go:661.2,670.51 2 0
salesmee/internal/handlers/business/orders.go:670.51,673.3 2 0
salesmee/internal/handlers/business/orders.go:675.2,675.29 1 0
salesmee/internal/handlers/business/orders.go:675.29,678.3 2 0
salesmee/internal/handlers/business/orders.go:681.2,682.64 2 0
salesmee/internal/handlers/business/orders.go:682.64,685.3 2 0
salesmee/internal/handlers/business/orders.go:687.2,687.43 1 0
salesmee/internal/handlers/business/orders.go:687.43,690.3 2 0
salesmee/internal/handlers/business/orders.go:693.2,698.37 5 0
salesmee/internal/handlers/business/orders.go:698.37,700.116 2 0
salesmee/internal/handlers/business/orders.go:700.116,703.4 2 0
salesmee/internal/handlers/business/orders.go:704.3,704.36 1 0
salesmee/internal/handlers/business/orders.go:704.36,707.4 2 0
salesmee/internal/handlers/business/orders.go:708.3,708.29 1 0
salesmee/internal/handlers/business/orders.go:708.29,710.4 1 0
salesmee/internal/handlers/business/orders.go:711.3,719.5 4 0
salesmee/internal/handlers/business/orders.go:722.2,724.35 3 0
salesmee/internal/handlers/business/orders.go:724.35,726.3 1 0
salesmee/internal/handlers/business/orders.go:727.2,740.50 2 0
salesmee/internal/handlers/business/orders.go:740.50,743.3 2 0
salesmee/internal/handlers/business/orders.go:746.2,746.28 1 0
salesmee/internal/handlers/business/orders.go:746.28,748.3 1 0
salesmee/internal/handlers/business/orders.go:749.2,749.55 1 0
salesmee/internal/handlers/business/orders.go:749.55,752.3 2 0
salesmee/internal/handlers/business/orders.go:755.2,755.37 1 0
salesmee/internal/handlers/business/orders.go:755.37,766.3 5 0
salesmee/internal/handlers/business/orders.go:769.2,776.48 2 0
salesmee/internal/handlers/business/orders.go:776.48,779.3 2 0
salesmee/internal/handlers/business/orders.go:781.2,791.4 1 0
salesmee/internal/handlers/business/orders.go:795.61,800.16 4 0
salesmee/internal/handlers/business/orders.go:800.16,803.3 2 0
salesmee/internal/handlers/business/orders.go:805.2,806.106 2 0
salesmee/internal/handlers/business/orders.go:806.106,809.3 2 0
salesmee/internal/handlers/business/orders.go:811.2,811.29 1 0
salesmee/internal/handlers/business/orders.go:811.29,814.3 2 0
salesmee/internal/handlers/business/orders.go:816.2,823.119 7 0
salesmee/internal/handlers/business/orders.go:823.119,825.3 1 0
salesmee/internal/handlers/business/orders.go:827.2,834.4 1 0
salesmee/internal/handlers/business/orders.go:838.64,843.16 4 0
salesmee/internal/handlers/business/orders.go:843.16,846.3 2 0
salesmee/internal/handlers/business/orders.go:848.2,849.106 2 0
salesmee/internal/handlers/business/orders.go:849.106,852.3 2 0
salesmee/internal/handlers/business/orders.go:854.2,854.69 1 0
salesmee/internal/handlers/business/orders.go:854.69,857.3 2 0
salesmee/internal/handlers/business/orders.go:859.2,867.119 8 0
salesmee/internal/handlers/business/orders.go:867.119,869.3 1 0
salesmee/internal/handlers/business/orders.go:871.2,875.4 1 0
salesmee/internal/handlers/business/orders.go:879.55,884.16 4 0
salesmee/internal/handlers/business/orders.go:884.16,887.3 2 0
salesmee/internal/handlers/business/orders.go:889.2,890.106 2 0
salesmee/internal/handlers/business/orders.go:890.106,893.3 2 0
salesmee/internal/handlers/business/orders.go:895.2,895.64 1 0
salesmee/internal/handlers/business/orders.go:895.64,898.3 2 0
salesmee/internal/handlers/business/orders.go:900.2,905.119 5 0
salesmee/internal/handlers/business/orders.go:905.119,907.3 1 0
salesmee/internal/handlers/business/orders.go:909.2,913.4 1 0
salesmee/internal/handlers/business/orders.go:917.56,922.16 4 0
salesmee/internal/handlers/business/orders.go:922.16,925.3 2 0
salesmee/internal/handlers/business/orders.go:927.2,928.106 2 0
salesmee/internal/handlers/business/orders.go:928.106,931.3 2 0
salesmee/internal/handlers/business/orders.go:933.2,933.33 1 0
salesmee/internal/handlers/business/orders.go:933.33,936.3 2 0
salesmee/internal/handlers/business/orders.go:938.2,941.48 4 0
salesmee/internal/handlers/business/orders.go:941.48,944.3 2 0
salesmee/internal/handlers/business/orders.go:946.2,947.119 2 0
salesmee/internal/handlers/business/orders.go:947.119,949.3 1 0
salesmee/internal/handlers/business/orders.go:951.2,954.4 1 0
salesmee/internal/handlers/business/orders.go:958.59,960.21 2 0
salesmee/internal/handlers/business/orders.go:960.21,963.3 2 0
salesmee/internal/handlers/business/orders.go:965.2,966.16 2 0
salesmee/internal/handlers/business/orders.go:966.16,969.3 2 0
salesmee/internal/handlers/business/orders.go:971.2,972.194 2 0
salesmee/internal/handlers/business/orders.go:972.194,975.3 2 0
salesmee/internal/handlers/business/orders.go:977.2,977.64 1 0
salesmee/internal/handlers/business/orders.go:977.64,980.3 2 0
salesmee/internal/handlers/business/orders.go:982.2,985.4 1 0
salesmee/internal/handlers/business/orders.go:989.59,991.21 2 0
salesmee/internal/handlers/business/orders.go:991.21,994.3 2 0
salesmee/internal/handlers/business/orders.go:996.2,1000.106 4 0
salesmee/internal/handlers/business/orders.go:1000.106,1003.3 2 0
salesmee/internal/handlers/business/orders.go:1005.2,1005.33 1 0
salesmee/internal/handlers/business/orders.go:1005.33,1008.3 2 0
salesmee/internal/handlers/business/orders.go:1010.2,1026.119 6 0
salesmee/internal/handlers/business/orders.go:1026.119,1028.3 1 0
salesmee/internal/handlers/business/orders.go:1030.2,1033.4 1 0
salesmee/internal/handlers/business/orders.go:1037.182,1039.34 2 0
salesmee/internal/handlers/business/orders.go:1039.34,1048.27 2 0
salesmee/internal/handlers/business/orders.go:1048.27,1050.4 1 0
salesmee/internal/handlers/business/orders.go:1051.3,1051.33 1 0
salesmee/internal/handlers/business/orders.go:1054.2,1057.22 3 0
salesmee/internal/handlers/business/orders.go:1058.15,1060.18 2 0
salesmee/internal/handlers/business/orders.go:1061.17,1062.61 1 0
salesmee/internal/handlers/business/orders.go:1062.61,1065.4 2 0
salesmee/internal/handlers/business/orders.go:1065.9,1065.68 1 0
salesmee/internal/handlers/business/orders.go:1065.68,1068.4 2 0
salesmee/internal/handlers/business/orders.go:1068.9,1071.4 2 0
salesmee/internal/handlers/business/orders.go:1072.26,1074.19 2 0
salesmee/internal/handlers/business/orders.go:1075.19,1077.19 2 0
salesmee/internal/handlers/business/orders.go:1078.19,1080.19 2 0
salesmee/internal/handlers/business/orders.go:1081.19,1083.19 2 0
salesmee/internal/handlers/business/orders.go:1084.10,1086.19 2 0
salesmee/internal/handlers/business/orders.go:1089.2,1089.53 1 0
salesmee/internal/handlers/business/orders.go:1089.53,1091.3 1 0
salesmee/internal/handlers/business/orders.go:1093.2,1094.19 2 0
salesmee/internal/handlers/business/orders.go:1094.19,1096.3 1 0
salesmee/internal/handlers/business/orders.go:1098.2,1119.3 1 0
salesmee/internal/handlers/business/payments.go:16.69,20.64 3 0
salesmee/internal/handlers/business/payments.go:20.64,23.3 2 0
salesmee/internal/handlers/business/payments.go:25.2,26.97 2 0
salesmee/internal/handlers/business/payments.go:26.97,29.3 2 0
salesmee/internal/handlers/business/payments.go:31.2,31.47 1 0
salesmee/internal/handlers/business/payments.go:35.68,37.19 2 0
salesmee/internal/handlers/business/payments.go:37.19,40.3 2 0
salesmee/internal/handlers/business/payments.go:42.2,44.16 3 0
salesmee/internal/handlers/business/payments.go:44.16,47.3 2 0
salesmee/internal/handlers/business/payments.go:49.2,50.102 2 0
salesmee/internal/handlers/business/payments.go:50.102,53.3 2 0
salesmee/internal/handlers/business/payments.go:55.2,55.102 1 0
salesmee/internal/handlers/business/payments.go:55.102,58.3 2 0
salesmee/internal/handlers/business/payments.go:60.2,67.51 2 0
salesmee/internal/handlers/business/payments.go:67.51,70.3 2 0
salesmee/internal/handlers/business/payments.go:72.2,73.55 2 0
salesmee/internal/handlers/business/payments.go:73.55,78.3 2 0
salesmee/internal/handlers/business/payments.go:80.2,90.52 2 0
salesmee/internal/handlers/business/payments.go:90.52,93.3 2 0
salesmee/internal/handlers/business/payments.go:95.2,99.4 1 0
salesmee/internal/handlers/business/payments.go:103.70,105.19 2 0
salesmee/internal/handlers/business/payments.go:105.19,108.3 2 0
salesmee/internal/handlers/business/payments.go:110.2,112.16 3 0
salesmee/internal/handlers/business/payments.go:112.16,115.3 2 0
salesmee/internal/handlers/business/payments.go:117.2,118.106 2 0
salesmee/internal/handlers/business/payments.go:118.106,121.3 2 0
salesmee/internal/handlers/business/payments.go:123.2,123.75 1 0
salesmee/internal/handlers/business/payments.go:123.75,126.3 2 0
salesmee/internal/handlers/business/payments.go:128.2,135.51 2 0
salesmee/internal/handlers/business/payments.go:135.51,138.3 2 0
salesmee/internal/handlers/business/payments.go:140.2,141.55 2 0
salesmee/internal/handlers/business/payments.go:141.55,146.3 2 0
salesmee/internal/handlers/business/payments.go:148.2,158.52 2 0
salesmee/internal/handlers/business/payments.go:158.52,161.3 2 0
salesmee/internal/handlers/business/payments.go:163.2,167.4 1 0
salesmee/internal/handlers/business/payments.go:171.63,173.21 2 0
salesmee/internal/handlers/business/payments.go:173.21,176.3 2 0
salesmee/internal/handlers/business/payments.go:178.2,185.106 6 0
salesmee/internal/handlers/business/payments.go:185.106,188.3 2 0
salesmee/internal/handlers/business/payments.go:190.2,191.104 2 0
salesmee/internal/handlers/business/payments.go:191.104,194.3 2 0
salesmee/internal/handlers/business/payments.go:196.2,196.33 1 0
salesmee/internal/handlers/business/payments.go:196.33,199.3 2 0
salesmee/internal/handlers/business/payments.go:201.2,205.50 4 0
salesmee/internal/handlers/business/payments.go:205.50,208.3 2 0
salesmee/internal/handlers/business/payments.go:210.2,221.4 4 0
salesmee/internal/handlers/business/payments.go:225.62,227.21 2 0
salesmee/internal/handlers/business/payments.go:227.21,230.3 2 0
salesmee/internal/handlers/business/payments.go:232.2,239.106 6 0
salesmee/internal/handlers/business/payments.go:239.106,242.3 2 0
salesmee/internal/handlers/business/payments.go:244.2,245.104 2 0
salesmee/internal/handlers/business/payments.go:245.104,248.3 2 0
salesmee/internal/handlers/business/payments.go:250.2,250.33 1 0
salesmee/internal/handlers/business/payments.go:250.33,253.3 2 0
salesmee/internal/handlers/business/payments.go:255.2,263.4 4 0
salesmee/internal/handlers/business/payments.go:267.65,269.21 2 0
salesmee/internal/handlers/business/payments.go:269.21,272.3 2 0
salesmee/internal/handlers/business/payments.go:274.2,281.110 6 0
salesmee/internal/handlers/business/payments.go:281.110,284.3 2 0
salesmee/internal/handlers/business/payments.go:286.2,287.108 2 0
salesmee/internal/handlers/business/payments.go:287.108,290.3 2 0
salesmee/internal/handlers/business/payments.go:292.2,292.33 1 0
salesmee/internal/handlers/business/payments.go:292.33,295.3 2 0
salesmee/internal/handlers/business/payments.go:297.2,313.4 8 0
salesmee/internal/handlers/business/payments.go:317.64,319.21 2 0
salesmee/internal/handlers/business/payments.go:319.21,322.3 2 0
salesmee/internal/handlers/business/payments.go:324.2,331.110 6 0
salesmee/internal/handlers/business/payments.go:331.110,334.3 2 0
salesmee/internal/handlers/business/payments.go:336.2,337.108 2 0
salesmee/internal/handlers/business/payments.go:337.108,340.3 2 0
salesmee/internal/handlers/business/payments.go:342.2,342.33 1 0
salesmee/internal/handlers/business/payments.go:342.33,345.3 2 0
salesmee/internal/handlers/business/payments.go:347.2,355.4 4 0
salesmee/internal/handlers/business/payments.go:359.55,363.64 3 0
salesmee/internal/handlers/business/payments.go:363.64,366.3 2 0
salesmee/internal/handlers/business/payments.go:369.2,377.46 6 0
salesmee/internal/handlers/business/payments.go:377.46,379.47 2 0
salesmee/internal/handlers/business/payments.go:379.47,381.4 1 0
salesmee/internal/handlers/business/payments.go:381.9,381.31 1 0
salesmee/internal/handlers/business/payments.go:381.31,383.4 1 0
salesmee/internal/handlers/business/payments.go:383.9,385.4 1 0
salesmee/internal/handlers/business/payments.go:386.3,386.49 1 0
salesmee/internal/handlers/business/payments.go:390.2,401.23 5 0
salesmee/internal/handlers/business/payments.go:401.23,404.28 3 0
salesmee/internal/handlers/business/payments.go:404.28,406.4 1 0
salesmee/internal/handlers/business/payments.go:409.2,410.25 2 0
salesmee/internal/handlers/business/payments.go:410.25,413.30 3 0
salesmee/internal/handlers/business/payments.go:413.30,415.4 1 0
salesmee/internal/handlers/business/payments.go:418.2,418.29 1 0
salesmee/internal/handlers/business/payments.go:418.29,423.23 2 0
salesmee/internal/handlers/business/payments.go:423.23,424.41 1 0
salesmee/internal/handlers/business/payments.go:424.41,427.5 2 0
salesmee/internal/handlers/business/payments.go:428.9,428.32 1 0
salesmee/internal/handlers/business/payments.go:428.32,429.45 1 0
salesmee/internal/handlers/business/payments.go:429.45,432.5 2 0
salesmee/internal/handlers/business/payments.go:434.3,436.19 2 0
salesmee/internal/handlers/business/payments.go:437.20,438.30 1 0
salesmee/internal/handlers/business/payments.go:439.18,440.28 1 0
salesmee/internal/handlers/business/payments.go:441.17,442.27 1 0
salesmee/internal/handlers/business/payments.go:447.2,468.4 7 0
salesmee/internal/handlers/business/payments.go:471.60,475.64 3 0
salesmee/internal/handlers/business/payments.go:475.64,478.3 2 0
salesmee/internal/handlers/business/payments.go:480.2,491.46 9 0
salesmee/internal/handlers/business/payments.go:491.46,493.47 2 0
salesmee/internal/handlers/business/payments.go:493.47,495.4 1 0
salesmee/internal/handlers/business/payments.go:495.9,495.31 1 0
salesmee/internal/handlers/business/payments.go:495.31,497.4 1 0
salesmee/internal/handlers/business/payments.go:497.9,499.4 1 0
salesmee/internal/handlers/business/payments.go:500.3,500.49 1 0
salesmee/internal/handlers/business/payments.go:503.2,514.23 5 0
salesmee/internal/handlers/business/payments.go:514.23,517.28 3 0
salesmee/internal/handlers/business/payments.go:517.28,519.4 1 0
salesmee/internal/handlers/business/payments.go:522.2,523.25 2 0
salesmee/internal/handlers/business/payments.go:523.25,526.30 3 0
salesmee/internal/handlers/business/payments.go:526.30,528.4 1 0
salesmee/internal/handlers/business/payments.go:531.2,531.29 1 0
salesmee/internal/handlers/business/payments.go:531.29,536.23 2 0
salesmee/internal/handlers/business/payments.go:536.23,537.41 1 0
salesmee/internal/handlers/business/payments.go:537.41,540.5 2 0
salesmee/internal/handlers/business/payments.go:541.9,541.32 1 0
salesmee/internal/handlers/business/payments.go:541.32,542.45 1 0
salesmee/internal/handlers/business/payments.go:542.45,545.5 2 0
salesmee/internal/handlers/business/payments.go:547.3,549.19 2 0
salesmee/internal/handlers/business/payments.go:550.20,551.30 1 0
salesmee/internal/handlers/business/payments.go:552.18,553.28 1 0
salesmee/internal/handlers/business/payments.go:554.17,555.27 1 0
salesmee/internal/handlers/business/payments.go:559.2,576.4 6 0
salesmee/internal/handlers/business/payments.go:580.67,582.21 2 0
salesmee/internal/handlers/business/payments.go:582.21,585.3 2 0
salesmee/internal/handlers/business/payments.go:587.2,591.106 4 0
salesmee/internal/handlers/business/payments.go:591.106,594.3 2 0
salesmee/internal/handlers/business/payments.go:596.2,599.31 3 0
salesmee/internal/handlers/business/payments.go:599.31,602.3 2 0
salesmee/internal/handlers/business/payments.go:604.2,606.42 3 0
salesmee/internal/handlers/business/payments.go:606.42,611.3 4 0
salesmee/internal/handlers/business/payments.go:613.2,623.4 4 0
salesmee/internal/handlers/business/payments.go:627.69,629.21 2 0
salesmee/internal/handlers/business/payments.go:629.21,632.3 2 0
salesmee/internal/handlers/business/payments.go:634.2,638.110 4 0
salesmee/internal/handlers/business/payments.go:638.110,641.3 2 0
salesmee/internal/handlers/business/payments.go:643.2,646.31 3 0
salesmee/internal/handlers/business/payments.go:646.31,649.3 2 0
salesmee/internal/handlers/business/payments.go:651.2,653.42 3 0
salesmee/internal/handlers/business/payments.go:653.42,658.3 4 0
salesmee/internal/handlers/business/payments.go:660.2,670.4 4 0
salesmee/internal/handlers/business/payments.go:674.60,679.16 4 0
salesmee/internal/handlers/business/payments.go:679.16,682.3 2 0
salesmee/internal/handlers/business/payments.go:684.2,685.106 2 0
salesmee/internal/handlers/business/payments.go:685.106,688.3 2 0
salesmee/internal/handlers/business/payments.go:690.2,704.4 5 0
salesmee/internal/handlers/business/payments.go:708.62,713.16 4 0
salesmee/internal/handlers/business/payments.go:713.16,716.3 2 0
salesmee/internal/handlers/business/payments.go:718.2,719.110 2 0
salesmee/internal/handlers/business/payments.go:719.110,722.3 2 0
salesmee/internal/handlers/business/payments.go:724.2,738.4 5 0
salesmee/internal/handlers/business/payments.go:742.104,746.34 3 0
salesmee/internal/handlers/business/payments.go:746.34,756.28 2 0
salesmee/internal/handlers/business/payments.go:756.28,758.4 1 0
salesmee/internal/handlers/business/payments.go:758.9,760.4 1 0
salesmee/internal/handlers/business/payments.go:763.2,770.3 1 0
salesmee/internal/handlers/business/payments.go:774.61,784.2 4 0
salesmee/internal/handlers/business/payments.go:787.63,797.47 3 0
salesmee/internal/handlers/business/payments.go:797.47,800.3 2 0
salesmee/internal/handlers/business/payments.go:802.2,802.24 1 0
salesmee/internal/handlers/business/payments.go:802.24,804.3 1 0
salesmee/internal/handlers/business/payments.go:806.2,815.51 2 0
salesmee/internal/handlers/business/payments.go:815.51,818.3 2 0
salesmee/internal/handlers/business/payments.go:820.2,823.4 1 0
salesmee/internal/handlers/business/payments.go:827.63,833.102 5 0
salesmee/internal/handlers/business/payments.go:833.102,836.3 2 0
salesmee/internal/handlers/business/payments.go:838.2,846.47 2 0
salesmee/internal/handlers/business/payments.go:846.47,849.3 2 0
salesmee/internal/handlers/business/payments.go:851.2,851.27 1 0
salesmee/internal/handlers/business/payments.go:851.27,853.3 1 0
salesmee/internal/handlers/business/payments.go:854.2,854.22 1 0
salesmee/internal/handlers/business/payments.go:854.22,856.3 1 0
salesmee/internal/handlers/business/payments.go:857.2,857.24 1 0
salesmee/internal/handlers/business/payments.go:857.24,859.3 1 0
salesmee/internal/handlers/business/payments.go:860.2,860.25 1 0
salesmee/internal/handlers/business/payments.go:860.25,862.3 1 0
salesmee/internal/handlers/business/payments.go:863.2,863.26 1 0
salesmee/internal/handlers/business/payments.go:863.26,865.3 1 0
salesmee/internal/handlers/business/payments.go:867.2,867.49 1 0
salesmee/internal/handlers/business/payments.go:867.49,870.3 2 0
salesmee/internal/handlers/business/payments.go:872.2,875.4 1 0
salesmee/internal/handlers/business/payments.go:879.63,885.102 5 0
salesmee/internal/handlers/business/payments.go:885.102,888.3 2 0
salesmee/internal/handlers/business/payments.go:890.2,890.51 1 0
salesmee/internal/handlers/business/payments.go:890.51,893.3 2 0
salesmee/internal/handlers/business/payments.go:895.2,895.47 1 0
salesmee/internal/handlers/business/payments.go:898.64,902.64 3 0
salesmee/internal/handlers/business/payments.go:902.64,905.3 2 0
salesmee/internal/handlers/business/payments.go:907.2,918.46 9 0
salesmee/internal/handlers/business/payments.go:918.46,920.47 2 0
salesmee/internal/handlers/business/payments.go:920.47,922.4 1 0
salesmee/internal/handlers/business/payments.go:922.9,922.31 1 0
salesmee/internal/handlers/business/payments.go:922.31,924.4 1 0
salesmee/internal/handlers/business/payments.go:924.9,926.4 1 0
salesmee/internal/handlers/business/payments.go:927.3,927.49 1 0
salesmee/internal/handlers/business/payments.go:930.2,931.29 2 0
salesmee/internal/handlers/business/payments.go:931.29,932.19 1 0
salesmee/internal/handlers/business/payments.go:933.20,934.30 1 0
salesmee/internal/handlers/business/payments.go:935.18,936.28 1 0
salesmee/internal/handlers/business/payments.go:937.17,938.27 1 0
salesmee/internal/handlers/business/payments.go:942.2,952.4 4 0
salesmee/internal/handlers/business/payments.go:955.45,957.2 1 0
salesmee/internal/handlers/business/products.go:20.55,22.21 2 0
salesmee/internal/handlers/business/products.go:22.21,25.3 2 0
salesmee/internal/handlers/business/products.go:27.2,28.71 2 0
salesmee/internal/handlers/business/products.go:28.71,31.3 2 0
salesmee/internal/handlers/business/products.go:33.2,34.52 2 0
salesmee/internal/handlers/business/products.go:34.52,36.3 1 0
salesmee/internal/handlers/business/products.go:38.2,44.4 1 0
salesmee/internal/handlers/business/products.go:47.57,49.21 2 0
salesmee/internal/handlers/business/products.go:49.21,52.3 2 0
salesmee/internal/handlers/business/products.go:54.2,55.51 2 0
salesmee/internal/handlers/business/products.go:55.51,58.3 2 0
salesmee/internal/handlers/business/products.go:60.2,63.52 3 0
salesmee/internal/handlers/business/products.go:63.52,66.3 2 0
salesmee/internal/handlers/business/products.go:68.2,68.67 1 0
salesmee/internal/handlers/business/products.go:71.54,73.21 2 0
salesmee/internal/handlers/business/products.go:73.21,76.3 2 0
salesmee/internal/handlers/business/products.go:78.2,79.16 2 0
salesmee/internal/handlers/business/products.go:79.16,82.3 2 0
salesmee/internal/handlers/business/products.go:84.2,85.62 2 0
salesmee/internal/handlers/business/products.go:85.62,87.3 1 0
salesmee/internal/handlers/business/products.go:87.98,90.3 2 0
salesmee/internal/handlers/business/products.go:92.2,92.67 1 0
salesmee/internal/handlers/business/products.go:95.57,97.21 2 0
salesmee/internal/handlers/business/products.go:97.21,100.3 2 0
salesmee/internal/handlers/business/products.go:102.2,103.16 2 0
salesmee/internal/handlers/business/products.go:103.16,106.3 2 0
salesmee/internal/handlers/business/products.go:108.2,109.62 2 0
salesmee/internal/handlers/business/products.go:109.62,111.3 1 0
salesmee/internal/handlers/business/products.go:111.98,114.3 2 0
salesmee/internal/handlers/business/products.go:116.2,116.51 1 0
salesmee/internal/handlers/business/products.go:116.51,119.3 2 0
salesmee/internal/handlers/business/products.go:121.2,121.50 1 0
salesmee/internal/handlers/business/products.go:121.50,124.3 2 0
salesmee/internal/handlers/business/products.go:126.2,126.67 1 0
salesmee/internal/handlers/business/products.go:129.57,131.21 2 0
salesmee/internal/handlers/business/products.go:131.21,134.3 2 0
salesmee/internal/handlers/business/products.go:136.2,137.16 2 0
salesmee/internal/handlers/business/products.go:137.16,140.3 2 0
salesmee/internal/handlers/business/products.go:142.2,143.110 2 0
salesmee/internal/handlers/business/products.go:143.110,146.3 2 0
salesmee/internal/handlers/business/products.go:148.2,151.29 3 0
salesmee/internal/handlers/business/products.go:151.29,154.68 3 0
salesmee/internal/handlers/business/products.go:154.69,156.4 0 0
salesmee/internal/handlers/business/products.go:158.2,161.47 3 0
salesmee/internal/handlers/business/products.go:164.62,166.21 2 0
salesmee/internal/handlers/business/products.go:166.21,169.3 2 0
salesmee/internal/handlers/business/products.go:171.2,172.16 2 0
salesmee/internal/handlers/business/products.go:172.16,175.3 2 0
salesmee/internal/handlers/business/products.go:177.2,178.110 2 0
salesmee/internal/handlers/business/products.go:178.110,181.3 2 0
salesmee/internal/handlers/business/products.go:183.2,184.16 2 0
salesmee/internal/handlers/business/products.go:184.16,187.3 2 0
salesmee/internal/handlers/business/products.go:188.2,191.89 3 0
salesmee/internal/handlers/business/products.go:191.89,194.3 2 0
salesmee/internal/handlers/business/products.go:196.2,196.31 1 0
salesmee/internal/handlers/business/products.go:196.31,199.3 2 0
salesmee/internal/handlers/business/products.go:201.2,202.53 2 0
salesmee/internal/handlers/business/products.go:202.53,205.3 2 0
salesmee/internal/handlers/business/products.go:207.2,209.16 3 0
salesmee/internal/handlers/business/products.go:209.16,212.3 2 0
salesmee/internal/handlers/business/products.go:213.2,215.46 2 0
salesmee/internal/handlers/business/products.go:215.46,218.3 2 0
salesmee/internal/handlers/business/products.go:220.2,232.28 6 0
salesmee/internal/handlers/business/products.go:232.28,234.3 1 0
salesmee/internal/handlers/business/products.go:236.2,236.99 1 0
salesmee/internal/handlers/business/products.go:239.60,241.21 2 0
salesmee/internal/handlers/business/products.go:241.21,244.3 2 0
salesmee/internal/handlers/business/products.go:246.2,247.16 2 0
salesmee/internal/handlers/business/products.go:247.16,250.3 2 0
salesmee/internal/handlers/business/products.go:252.2,253.110 2 0
salesmee/internal/handlers/business/products.go:253.110,256.3 2 0
salesmee/internal/handlers/business/products.go:258.2,261.48 3 0
salesmee/internal/handlers/business/products.go:261.48,268.3 1 0
salesmee/internal/handlers/business/products.go:270.2,270.65 1 0
salesmee/internal/handlers/business/products.go:273.62,275.21 2 0
salesmee/internal/handlers/business/products.go:275.21,278.3 2 0
salesmee/internal/handlers/business/products.go:280.2,281.16 2 0
salesmee/internal/handlers/business/products.go:281.16,284.3 2 0
salesmee/internal/handlers/business/products.go:286.2,287.16 2 0
salesmee/internal/handlers/business/products.go:287.16,290.3 2 0
salesmee/internal/handlers/business/products.go:292.2,293.110 2 0
salesmee/internal/handlers/business/products.go:293.110,296.3 2 0
salesmee/internal/handlers/business/products.go:298.2,299.104 2 0
salesmee/internal/handlers/business/products.go:299.104,302.3 2 0
salesmee/internal/handlers/business/products.go:304.2,306.40 2 0
salesmee/internal/handlers/business/products.go:306.40,308.114 2 0
salesmee/internal/handlers/business/products.go:308.114,310.4 1 0
salesmee/internal/handlers/business/products.go:310.9,312.4 1 0
salesmee/internal/handlers/business/products.go:315.2,315.47 1 0
salesmee/internal/handlers/business/products.go:319.63,321.16 2 0
salesmee/internal/handlers/business/products.go:321.16,324.3 2 0
salesmee/internal/handlers/business/products.go:326.2,327.112 2 0
salesmee/internal/handlers/business/products.go:327.112,330.3 2 0
salesmee/internal/handlers/business/products.go:332.2,332.33 1 0
salesmee/internal/handlers/business/products.go:335.66,337.19 2 0
salesmee/internal/handlers/business/products.go:337.19,340.3 2 0
salesmee/internal/handlers/business/products.go:342.2,343.16 2 0
salesmee/internal/handlers/business/products.go:343.16,346.3 2 0
salesmee/internal/handlers/business/products.go:348.2,349.64 2 0
salesmee/internal/handlers/business/products.go:349.64,352.3 2 0
salesmee/internal/handlers/business/products.go:354.2,355.52 2 0
salesmee/internal/handlers/business/products.go:355.52,357.3 1 0
salesmee/internal/handlers/business/products.go:359.2,366.4 3 0
salesmee/internal/handlers/business/products.go:369.66,371.19 2 0
salesmee/internal/handlers/business/products.go:371.19,374.3 2 0
salesmee/internal/handlers/business/products.go:376.2,377.16 2 0
salesmee/internal/handlers/business/products.go:377.16,380.3 2 0
salesmee/internal/handlers/business/products.go:382.2,383.102 2 0
salesmee/internal/handlers/business/products.go:383.102,386.3 2 0
salesmee/internal/handlers/business/products.go:388.2,391.48 3 0
salesmee/internal/handlers/business/products.go:391.48,398.3 1 0
salesmee/internal/handlers/business/products.go:400.2,400.65 1 0
salesmee/internal/handlers/business/profile_change_store.go:34.13,36.2 1 1
salesmee/internal/handlers/business/profile_change_store.go:38.40,39.6 1 1
salesmee/internal/handlers/business/profile_change_store.go:39.6,42.36 3 1
salesmee/internal/handlers/business/profile_change_store.go:42.36,43.38 1 0
salesmee/internal/handlers/business/profile_change_store.go:43.38,45.5 1 0
salesmee/internal/handlers/business/profile_change_store.go:47.3,47.16 1 0
salesmee/internal/handlers/business/profile_change_store.go:51.70,56.17 4 0
salesmee/internal/handlers/business/profile_change_store.go:56.17,61.3 4 0
salesmee/internal/handlers/business/profile_change_store.go:63.2,65.14 3 0
salesmee/internal/handlers/business/profile_change_store.go:68.78,73.9 4 0
salesmee/internal/handlers/business/profile_change_store.go:73.9,75.3 1 0
salesmee/internal/handlers/business/profile_change_store.go:76.2,76.36 1 0
salesmee/internal/handlers/business/profile_change_store.go:76.36,78.3 1 0
salesmee/internal/handlers/business/profile_change_store.go:79.2,79.19 1 0
salesmee/internal/handlers/business/profile_change_store.go:82.51,87.2 3 0
salesmee/internal/handlers/business/public.go:15.39,19.120 3 0
salesmee/internal/handlers/business/public.go:19.120,25.3 2 0
salesmee/internal/handlers/business/public.go:27.2,44.5 7 0
salesmee/internal/handlers/business/public.go:56.34,60.77 3 0
salesmee/internal/handlers/business/public.go:60.77,66.3 2 0
salesmee/internal/handlers/business/public.go:68.2,71.5 1 0
salesmee/internal/handlers/business/public.go:74.37,78.77 3 0
salesmee/internal/handlers/business/public.go:78.77,81.3 2 0
salesmee/internal/handlers/business/public.go:83.2,84.17 2 0
salesmee/internal/handlers/business/public.go:84.17,91.3 2 0
salesmee/internal/handlers/business/public.go:93.2,95.16 3 0
salesmee/internal/handlers/business/public.go:95.16,103.53 3 0
salesmee/internal/handlers/business/public.go:103.53,110.4 2 0
salesmee/internal/handlers/business/public.go:113.2,114.16 2 0
salesmee/internal/handlers/business/public.go:114.16,121.3 2 0
salesmee/internal/handlers/business/public.go:123.2,127.5 1 0
salesmee/internal/handlers/business/public.go:130.39,134.77 3 0
salesmee/internal/handlers/business/public.go:134.77,137.3 2 0
salesmee/internal/handlers/business/public.go:139.2,142.34 3 0
salesmee/internal/handlers/business/public.go:142.34,150.3 2 0
salesmee/internal/handlers/business/public.go:152.2,153.16 2 0
salesmee/internal/handlers/business/public.go:153.16,161.3 2 0
salesmee/internal/handlers/business/public.go:163.2,174.16 7 0
salesmee/internal/handlers/business/public.go:174.16,181.3 2 0
salesmee/internal/handlers/business/public.go:183.2,184.82 2 0
salesmee/internal/handlers/business/services.go:12.63,14.16 2 0
salesmee/internal/handlers/business/services.go:14.16,17.3 2 0
salesmee/internal/handlers/business/services.go:19.2,20.112 2 0
salesmee/internal/handlers/business/services.go:20.112,23.3 2 0
salesmee/internal/handlers/business/services.go:25.2,25.33 1 0
salesmee/internal/handlers/business/services.go:29.55,31.21 2 0
salesmee/internal/handlers/business/services.go:31.21,34.3 2 0
salesmee/internal/handlers/business/services.go:36.2,37.71 2 0
salesmee/internal/handlers/business/services.go:37.71,40.3 2 0
salesmee/internal/handlers/business/services.go:42.2,51.4 3 0
salesmee/internal/handlers/business/services.go:54.57,56.21 2 0
salesmee/internal/handlers/business/services.go:56.21,59.3 2 0
salesmee/internal/handlers/business/services.go:61.2,62.51 2 0
salesmee/internal/handlers/business/services.go:62.51,65.3 2 0
salesmee/internal/handlers/business/services.go:67.2,70.52 3 0
salesmee/internal/handlers/business/services.go:70.52,73.3 2 0
salesmee/internal/handlers/business/services.go:75.2,75.67 1 0
salesmee/internal/handlers/business/services.go:78.54,80.21 2 0
salesmee/internal/handlers/business/services.go:80.21,83.3 2 0
salesmee/internal/handlers/business/services.go:85.2,86.16 2 0
salesmee/internal/handlers/business/services.go:86.16,89.3 2 0
salesmee/internal/handlers/business/services.go:91.2,92.110 2 0
salesmee/internal/handlers/business/services.go:92.110,95.3 2 0
salesmee/internal/handlers/business/services.go:97.2,97.67 1 0
salesmee/internal/handlers/business/services.go:100.57,102.21 2 0
salesmee/internal/handlers/business/services.go:102.21,105.3 2 0
salesmee/internal/handlers/business/services.go:107.2,108.16 2 0
salesmee/internal/handlers/business/services.go:108.16,111.3 2 0
salesmee/internal/handlers/business/services.go:113.2,114.110 2 0
salesmee/internal/handlers/business/services.go:114.110,117.3 2 0
salesmee/internal/handlers/business/services.go:119.2,119.51 1 0
salesmee/internal/handlers/business/services.go:119.51,122.3 2 0
salesmee/internal/handlers/business/services.go:124.2,124.50 1 0
salesmee/internal/handlers/business/services.go:124.50,127.3 2 0
salesmee/internal/handlers/business/services.go:129.2,129.67 1 0
salesmee/internal/handlers/business/services.go:132.57,134.21 2 0
salesmee/internal/handlers/business/services.go:134.21,137.3 2 0
salesmee/internal/handlers/business/services.go:139.2,140.16 2 0
salesmee/internal/handlers/business/services.go:140.16,143.3 2 0
salesmee/internal/handlers/business/services.go:145.2,145.120 1 0
salesmee/internal/handlers/business/services.go:145.120,148.3 2 0
salesmee/internal/handlers/business/services.go:150.2,150.47 1 0
salesmee/internal/handlers/business/subscription.go:80.63,82.21 2 0
salesmee/internal/handlers/business/subscription.go:82.21,85.3 2 0
salesmee/internal/handlers/business/subscription.go:87.2,88.93 2 0
salesmee/internal/handlers/business/subscription.go:88.93,91.3 2 0
salesmee/internal/handlers/business/subscription.go:94.2,94.38 1 0
salesmee/internal/handlers/business/subscription.go:94.38,98.27 4 0
salesmee/internal/handlers/business/subscription.go:98.27,100.4 1 0
salesmee/internal/handlers/business/subscription.go:101.3,101.29 1 0
salesmee/internal/handlers/business/subscription.go:101.29,103.110 2 0
salesmee/internal/handlers/business/subscription.go:103.110,106.35 3 0
salesmee/internal/handlers/business/subscription.go:106.35,108.6 1 0
salesmee/internal/handlers/business/subscription.go:110.5,121.92 3 0
salesmee/internal/handlers/business/subscription.go:121.92,123.6 1 0
salesmee/internal/handlers/business/subscription.go:123.11,132.6 1 0
salesmee/internal/handlers/business/subscription.go:134.5,137.11 3 0
salesmee/internal/handlers/business/subscription.go:142.2,160.34 5 0
salesmee/internal/handlers/business/subscription.go:160.34,164.57 3 0
salesmee/internal/handlers/business/subscription.go:164.57,166.37 2 0
salesmee/internal/handlers/business/subscription.go:166.37,168.5 1 0
salesmee/internal/handlers/business/subscription.go:169.4,173.5 1 0
salesmee/internal/handlers/business/subscription.go:176.3,177.38 2 0
salesmee/internal/handlers/business/subscription.go:177.38,180.4 2 0
salesmee/internal/handlers/business/subscription.go:182.3,190.59 8 0
salesmee/internal/handlers/business/subscription.go:190.59,192.4 1 0
salesmee/internal/handlers/business/subscription.go:194.3,194.24 1 0
salesmee/internal/handlers/business/subscription.go:195.18,197.28 2 0
salesmee/internal/handlers/business/subscription.go:198.15,200.27 2 0
salesmee/internal/handlers/business/subscription.go:201.11,203.28 2 0
salesmee/internal/handlers/business/subscription.go:207.2,207.41 1 0
salesmee/internal/handlers/business/subscription.go:207.41,209.3 1 0
salesmee/internal/handlers/business/subscription.go:209.8,211.3 1 0
salesmee/internal/handlers/business/subscription.go:214.56,216.21 2 0
salesmee/internal/handlers/business/subscription.go:216.21,219.3 2 0
salesmee/internal/handlers/business/subscription.go:221.2,222.64 2 0
salesmee/internal/handlers/business/subscription.go:222.64,225.3 2 0
salesmee/internal/handlers/business/subscription.go:227.2,231.40 4 0
salesmee/internal/handlers/business/subscription.go:231.40,233.79 2 0
salesmee/internal/handlers/business/subscription.go:233.79,235.4 1 0
salesmee/internal/handlers/business/subscription.go:238.2,245.41 2 0
salesmee/internal/handlers/business/subscription.go:245.41,247.3 1 0
salesmee/internal/handlers/business/subscription.go:247.8,249.3 1 0
salesmee/internal/handlers/business/subscription.go:252.59,254.21 2 0
salesmee/internal/handlers/business/subscription.go:254.21,257.3 2 0
salesmee/internal/handlers/business/subscription.go:259.2,260.64 2 0
salesmee/internal/handlers/business/subscription.go:260.64,263.3 2 0
salesmee/internal/handlers/business/subscription.go:265.2,269.100 4 0
salesmee/internal/handlers/business/subscription.go:269.100,272.3 2 0
salesmee/internal/handlers/business/subscription.go:274.2,275.31 2 0
salesmee/internal/handlers/business/subscription.go:275.31,277.3 1 0
salesmee/internal/handlers/business/subscription.go:277.8,279.3 1 0
salesmee/internal/handlers/business/subscription.go:281.2,291.46 2 0
salesmee/internal/handlers/business/subscription.go:294.58,299.27 5 0
salesmee/internal/handlers/business/subscription.go:299.27,301.3 1 0
salesmee/internal/handlers/business/subscription.go:302.2,302.24 1 0
salesmee/internal/handlers/business/subscription.go:302.24,304.3 1 0
salesmee/internal/handlers/business/subscription.go:306.2,307.64 2 0
salesmee/internal/handlers/business/subscription.go:307.64,310.3 2 0
salesmee/internal/handlers/business/subscription.go:312.2,313.100 2 0
salesmee/internal/handlers/business/subscription.go:313.100,316.3 2 0
salesmee/internal/handlers/business/subscription.go:318.2,319.31 2 0
salesmee/internal/handlers/business/subscription.go:319.31,321.3 1 0
salesmee/internal/handlers/business/subscription.go:321.8,323.3 1 0
salesmee/internal/handlers/business/subscription.go:325.2,326.26 2 0
salesmee/internal/handlers/business/subscription.go:326.26,328.3 1 0
salesmee/internal/handlers/business/subscription.go:329.2,351.46 3 0
salesmee/internal/handlers/business/subscription.go:351.46,357.4 1 0
salesmee/internal/handlers/business/subscription.go:360.2,361.16 2 0
salesmee/internal/handlers/business/subscription.go:361.16,364.3 2 0
salesmee/internal/handlers/business/subscription.go:366.2,366.46 1 0
salesmee/internal/handlers/business/subscription.go:369.54,374.93 4 0
salesmee/internal/handlers/business/subscription.go:374.93,377.3 2 0
salesmee/internal/handlers/business/subscription.go:379.2,380.102 2 0
salesmee/internal/handlers/business/subscription.go:380.102,383.3 2 0
salesmee/internal/handlers/business/subscription.go:385.2,386.34 2 0
salesmee/internal/handlers/business/subscription.go:386.34,388.3 1 0
salesmee/internal/handlers/business/subscription.go:390.2,391.16 2 0
salesmee/internal/handlers/business/subscription.go:391.16,394.3 2 0
salesmee/internal/handlers/business/subscription.go:396.2,396.20 1 0
salesmee/internal/handlers/business/subscription.go:396.20,397.61 1 0
salesmee/internal/handlers/business/subscription.go:397.61,400.4 2 0
salesmee/internal/handlers/business/subscription.go:403.2,403.77 1 0
salesmee/internal/handlers/business/subscription.go:403.77,406.3 2 0
salesmee/internal/handlers/business/subscription.go:408.2,408.87 1 0
salesmee/internal/handlers/business/subscription.go:411.62,415.93 3 0
salesmee/internal/handlers/business/subscription.go:415.93,418.3 2 0
salesmee/internal/handlers/business/subscription.go:420.2,420.34 1 0
salesmee/internal/handlers/business/subscription.go:420.34,423.3 2 0
salesmee/internal/handlers/business/subscription.go:425.2,426.93 2 0
salesmee/internal/handlers/business/subscription.go:426.93,429.3 2 0
salesmee/internal/handlers/business/subscription.go:431.2,432.78 2 0
salesmee/internal/handlers/business/subscription.go:432.78,434.3 1 0
salesmee/internal/handlers/business/subscription.go:436.2,444.144 3 0
salesmee/internal/handlers/business/subscription.go:447.57,451.88 3 0
salesmee/internal/handlers/business/subscription.go:451.88,454.3 2 0
salesmee/internal/handlers/business/subscription.go:456.2,456.82 1 0
salesmee/internal/handlers/business/subscription.go:456.82,459.3 2 0
salesmee/internal/handlers/business/subscription.go:461.2,462.26 2 0
salesmee/internal/handlers/business/subscription.go:462.26,464.3 1 0
salesmee/internal/handlers/business/subscription.go:465.2,469.16 4 0
salesmee/internal/handlers/business/subscription.go:469.16,472.3 2 0
salesmee/internal/handlers/business/subscription.go:474.2,474.48 1 0
salesmee/internal/handlers/business/subscription.go:477.56,479.21 2 0
salesmee/internal/handlers/business/subscription.go:479.21,482.3 2 0
salesmee/internal/handlers/business/subscription.go:484.2,485.93 2 0
salesmee/internal/handlers/business/subscription.go:485.93,488.3 2 0
salesmee/internal/handlers/business/subscription.go:490.2,492.75 3 0
salesmee/internal/handlers/business/subscription.go:492.75,495.3 2 0
salesmee/internal/handlers/business/subscription.go:497.2,497.50 1 0
salesmee/internal/handlers/business/subscription.go:497.50,503.3 2 0
salesmee/internal/handlers/business/subscription.go:505.2,508.20 1 0
salesmee/internal/handlers/business/subscription.go:511.63,513.21 2 0
salesmee/internal/handlers/business/subscription.go:513.21,516.3 2 0
salesmee/internal/handlers/business/subscription.go:518.2,519.93 2 0
salesmee/internal/handlers/business/subscription.go:519.93,522.3 2 0
salesmee/internal/handlers/business/subscription.go:524.2,525.75 2 0
salesmee/internal/handlers/business/subscription.go:525.75,527.3 1 0
salesmee/internal/handlers/business/subscription.go:529.2,529.26 1 0
salesmee/internal/handlers/business/subscription.go:529.26,532.3 2 0
salesmee/internal/handlers/business/subscription.go:534.2,535.121 1 0
salesmee/internal/handlers/business/subscription.go:538.56,539.30 1 0
salesmee/internal/handlers/business/subscription.go:539.30,541.17 2 0
salesmee/internal/handlers/business/subscription.go:541.17,544.4 2 0
salesmee/internal/handlers/business/subscription.go:546.3,548.17 3 0
salesmee/internal/handlers/business/subscription.go:548.17,551.4 2 0
salesmee/internal/handlers/business/subscription.go:553.3,553.21 1 0
salesmee/internal/handlers/business/subscription.go:554.41,555.40 1 0
salesmee/internal/handlers/business/subscription.go:556.39,557.42 1 0
salesmee/internal/handlers/business/subscription.go:558.41,559.42 1 0
salesmee/internal/handlers/business/subscription.go:560.33,561.34 1 0
salesmee/internal/handlers/business/subscription.go:564.3,564.49 1 0
salesmee/internal/handlers/business/subscription.go:568.56,569.30 1 0
salesmee/internal/handlers/business/subscription.go:569.30,571.17 2 0
salesmee/internal/handlers/business/subscription.go:571.17,574.4 2 0
salesmee/internal/handlers/business/subscription.go:576.3,580.17 4 0
salesmee/internal/handlers/business/subscription.go:580.17,583.4 2 0
salesmee/internal/handlers/business/subscription.go:585.3,585.21 1 0
salesmee/internal/handlers/business/subscription.go:586.37,587.40 1 0
salesmee/internal/handlers/business/subscription.go:588.40,589.42 1 0
salesmee/internal/handlers/business/subscription.go:590.40,591.42 1 0
salesmee/internal/handlers/business/subscription.go:592.23,593.34 1 0
salesmee/internal/handlers/business/subscription.go:594.33,595.43 1 0
salesmee/internal/handlers/business/subscription.go:598.3,598.49 1 0
salesmee/internal/handlers/business/subscription.go:602.71,604.67 2 0
salesmee/internal/handlers/business/subscription.go:604.67,606.3 1 0
salesmee/internal/handlers/business/subscription.go:608.2,609.91 2 0
salesmee/internal/handlers/business/subscription.go:609.91,611.3 1 0
salesmee/internal/handlers/business/subscription.go:613.2,614.20 2 0
salesmee/internal/handlers/business/subscription.go:614.20,616.3 1 0
salesmee/internal/handlers/business/subscription.go:618.2,620.24 3 0
salesmee/internal/handlers/business/subscription.go:620.24,622.3 1 0
salesmee/internal/handlers/business/subscription.go:624.2,635.24 2 0
salesmee/internal/handlers/business/subscription.go:635.24,639.3 3 0
salesmee/internal/handlers/business/subscription.go:641.2,641.34 1 0
salesmee/internal/handlers/business/subscription.go:641.34,643.3 1 0
salesmee/internal/handlers/business/subscription.go:644.2,644.32 1 0
salesmee/internal/handlers/business/subscription.go:644.32,646.3 1 0
salesmee/internal/handlers/business/subscription.go:648.2,648.76 1 0
salesmee/internal/handlers/business/subscription.go:648.76,650.3 1 0
salesmee/internal/handlers/business/subscription.go:652.2,653.87 2 0
salesmee/internal/handlers/business/subscription.go:653.87,655.3 1 0
salesmee/internal/handlers/business/subscription.go:655.8,666.3 1 0
salesmee/internal/handlers/business/subscription.go:668.2,670.99 2 0
salesmee/internal/handlers/business/subscription.go:670.99,672.3 1 0
salesmee/internal/handlers/business/subscription.go:675.73,677.102 2 0
salesmee/internal/handlers/business/subscription.go:677.102,679.3 1 0
salesmee/internal/handlers/business/subscription.go:681.2,682.36 2 0
salesmee/internal/handlers/business/subscription.go:682.36,684.3 1 0
salesmee/internal/handlers/business/subscription.go:685.2,685.34 1 0
salesmee/internal/handlers/business/subscription.go:685.34,687.3 1 0
salesmee/internal/handlers/business/subscription.go:688.2,688.32 1 0
salesmee/internal/handlers/business/subscription.go:688.32,690.3 1 0
salesmee/internal/handlers/business/subscription.go:691.2,691.24 1 0
salesmee/internal/handlers/business/subscription.go:691.24,694.3 2 0
salesmee/internal/handlers/business/subscription.go:696.2,696.22 1 0
salesmee/internal/handlers/business/subscription.go:696.22,698.3 1 0
salesmee/internal/handlers/business/subscription.go:701.73,703.122 2 0
salesmee/internal/handlers/business/subscription.go:703.122,705.3 1 0
salesmee/internal/handlers/business/subscription.go:707.2,709.96 2 0
salesmee/internal/handlers/business/subscription.go:709.96,711.3 1 0
salesmee/internal/handlers/business/subscription.go:714.65,716.130 2 0
salesmee/internal/handlers/business/subscription.go:716.130,718.3 1 0
salesmee/internal/handlers/business/subscription.go:720.2,722.111 2 0
salesmee/internal/handlers/business/subscription.go:722.111,724.3 1 0
salesmee/internal/handlers/business/subscription.go:727.74,729.114 2 0
salesmee/internal/handlers/business/subscription.go:729.114,731.3 1 0
salesmee/internal/handlers/business/subscription.go:733.2,735.95 2 0
salesmee/internal/handlers/business/subscription.go:735.95,737.3 1 0
salesmee/internal/services/auth.go:18.35,21.2 2 0
salesmee/internal/services/auth.go:23.40,25.2 1 0
salesmee/internal/services/auth.go:27.63,39.2 3 0
salesmee/internal/services/auth.go:41.57,42.104 1 0
salesmee/internal/services/auth.go:42.104,44.3 1 0
salesmee/internal/services/auth.go:46.2,46.16 1 0
salesmee/internal/services/auth.go:46.16,48.3 1 0
salesmee/internal/services/auth.go:50.2,50.61 1 0
salesmee/internal/services/auth.go:50.61,52.3 1 0
salesmee/internal/services/auth.go:54.2,54.41 1 0
salesmee/internal/services/customer_auth.go:16.27,19.25 2 0
salesmee/internal/services/customer_auth.go:19.25,22.3 2 0
salesmee/internal/services/customer_auth.go:23.2,23.12 1 0
salesmee/internal/services/customer_auth.go:26.50,29.77 2 0
salesmee/internal/services/customer_auth.go:29.77,31.3 1 0
salesmee/internal/services/customer_auth.go:34.2,35.33 2 0
salesmee/internal/services/customer_auth.go:35.33,37.3 1 0
salesmee/internal/services/customer_auth.go:40.2,42.16 3 0
salesmee/internal/services/customer_auth.go:42.16,50.3 2 0
salesmee/internal/services/customer_auth.go:50.8,55.3 4 0
salesmee/internal/services/customer_auth.go:58.2,61.35 2 0
salesmee/internal/services/customer_auth.go:61.35,62.54 1 0
salesmee/internal/services/customer_auth.go:62.54,64.4 1 0
salesmee/internal/services/customer_auth.go:67.2,67.21 1 0
salesmee/internal/services/customer_auth.go:70.73,77.16 3 0
salesmee/internal/services/customer_auth.go:77.16,79.3 1 0
salesmee/internal/services/customer_auth.go:82.2,86.27 4 0
salesmee/internal/services/customer_auth.go:89.73,102.2 3 0
salesmee/internal/services/email.go:11.28,13.16 2 0
salesmee/internal/services/email.go:13.16,15.3 1 0
salesmee/internal/services/email.go:16.2,16.13 1 0
salesmee/internal/services/email.go:19.29,21.2 1 0
salesmee/internal/services/email.go:23.50,24.24 1 0
salesmee/internal/services/email.go:24.24,27.3 2 0
salesmee/internal/services/email.go:28.2,29.18 2 0
salesmee/internal/services/email.go:29.18,31.3 1 0
salesmee/internal/services/email.go:33.2,74.16 5 0
salesmee/internal/services/email.go:74.16,76.3 1 0
salesmee/internal/services/email.go:78.2,79.12 2 0
salesmee/internal/services/email.go:82.76,83.24 1 0
salesmee/internal/services/email.go:83.24,86.3 2 0
salesmee/internal/services/email.go:87.2,88.18 2 0
salesmee/internal/services/email.go:88.18,90.3 1 0
salesmee/internal/services/email.go:92.2,131.16 5 0
salesmee/internal/services/email.go:131.16,133.3 1 0
salesmee/internal/services/email.go:135.2,136.12 2 0
salesmee/internal/services/email.go:139.66,140.24 1 0
salesmee/internal/services/email.go:140.24,143.3 2 0
salesmee/internal/services/email.go:144.2,145.18 2 0
salesmee/internal/services/email.go:145.18,147.3 1 0
salesmee/internal/services/email.go:149.2,188.16 5 0
salesmee/internal/services/email.go:188.16,190.3 1 0
salesmee/internal/services/email.go:192.2,193.12 2 0
salesmee/internal/services/email.go:196.62,197.24 1 0
salesmee/internal/services/email.go:197.24,200.3 2 0
salesmee/internal/services/email.go:201.2,202.18 2 0
salesmee/internal/services/email.go:202.18,204.3 1 0
salesmee/internal/services/email.go:206.2,248.16 5 0
salesmee/internal/services/email.go:248.16,250.3 1 0
salesmee/internal/services/email.go:252.2,253.12 2 0
salesmee/internal/services/email.go:256.62,257.24 1 0
salesmee/internal/services/email.go:257.24,260.3 2 0
salesmee/internal/services/email.go:261.2,262.18 2 0
salesmee/internal/services/email.go:262.18,264.3 1 0
salesmee/internal/services/email.go:266.2,308.16 5 0
salesmee/internal/services/email.go:308.16,310.3 1 0
salesmee/internal/services/email.go:312.2,313.12 2 0
salesmee/internal/services/email.go:316.65,317.24 1 0
salesmee/internal/services/email.go:317.24,320.3 2 0
salesmee/internal/services/email.go:321.2,322.18 2 0
salesmee/internal/services/email.go:322.18,324.3 1 0
salesmee/internal/services/email.go:326.2,365.16 5 0
salesmee/internal/services/email.go:365.16,367.3 1 0
salesmee/internal/services/email.go:369.2,370.12 2 0
salesmee/internal/services/social.go:35.58,37.15 2 0
salesmee/internal/services/social.go:37.15,39.3 1 0
salesmee/internal/services/social.go:40.2,48.3 1 0
salesmee/internal/services/social.go:51.39,53.2 1 0
salesmee/internal/services/social.go:55.57,57.2 1 0
salesmee/internal/services/social.go:59.72,61.16 2 0
salesmee/internal/services/social.go:61.16,63.3 1 0
salesmee/internal/services/social.go:65.2,67.16 3 0
salesmee/internal/services/social.go:67.16,69.3 1 0
salesmee/internal/services/social.go:70.2,73.16 3 0
salesmee/internal/services/social.go:73.16,75.3 1 0
salesmee/internal/services/social.go:77.2,83.58 2 0
salesmee/internal/services/social.go:83.58,85.3 1 0
salesmee/internal/services/social.go:87.2,87.28 1 0
salesmee/internal/services/social.go:87.28,89.3 1 0
salesmee/internal/services/social.go:91.2,97.8 1 0
salesmee/internal/services/social.go:104.62,117.2 1 0
salesmee/internal/services/social.go:119.41,121.2 1 0
salesmee/internal/services/social.go:123.59,125.2 1 0
salesmee/internal/services/social.go:127.74,134.16 2 0
salesmee/internal/services/social.go:134.16,136.3 1 0
salesmee/internal/services/social.go:137.2,140.16 3 0
salesmee/internal/services/social.go:140.16,142.3 1 0
salesmee/internal/services/social.go:144.2,147.57 2 0
salesmee/internal/services/social.go:147.57,149.3 1 0
salesmee/internal/services/social.go:150.2,150.33 1 0
salesmee/internal/services/social.go:150.33,152.3 1 0
salesmee/internal/services/social.go:154.2,155.16 2 0
salesmee/internal/services/social.go:155.16,157.3 1 0
salesmee/internal/services/social.go:158.2,161.16 3 0
salesmee/internal/services/social.go:161.16,163.3 1 0
salesmee/internal/services/social.go:165.2,175.58 2 0
salesmee/internal/services/social.go:175.58,177.3 1 0
salesmee/internal/services/social.go:179.2,185.8 1 0
salesmee/internal/services/payment/factory.go:3.47,4.14 1 0
salesmee/internal/services/payment/factory.go:5.16,6.28 1 0
salesmee/internal/services/payment/factory.go:7.10,8.28 1 0
salesmee/internal/services/payment/paypal.go:24.40,30.43 5 0
salesmee/internal/services/payment/paypal.go:30.43,32.3 1 0
salesmee/internal/services/payment/paypal.go:34.2,35.16 2 0
salesmee/internal/services/payment/paypal.go:35.16,38.3 2 0
salesmee/internal/services/payment/paypal.go:40.2,48.3 2 0
salesmee/internal/services/payment/paypal.go:51.39,53.2 1 0
salesmee/internal/services/payment/paypal.go:55.95,56.21 1 0
salesmee/internal/services/payment/paypal.go:56.21,58.3 1 0
salesmee/internal/services/payment/paypal.go:60.2,61.17 2 0
salesmee/internal/services/payment/paypal.go:61.17,63.3 1 0
salesmee/internal/services/payment/paypal.go:66.2,67.21 2 0
salesmee/internal/services/payment/paypal.go:67.21,74.17 2 0
salesmee/internal/services/payment/paypal.go:74.17,76.4 1 0
salesmee/internal/services/payment/paypal.go:77.3,78.26 2 0
salesmee/internal/services/payment/paypal.go:78.26,80.45 2 0
salesmee/internal/services/payment/paypal.go:80.45,82.5 1 0
salesmee/internal/services/payment/paypal.go:87.2,88.35 2 0
salesmee/internal/services/payment/paypal.go:88.35,90.3 1 0
salesmee/internal/services/payment/paypal.go:90.8,92.3 1 0
salesmee/internal/services/payment/paypal.go:94.2,94.18 1 0
salesmee/internal/services/payment/paypal.go:94.18,97.36 3 0
salesmee/internal/services/payment/paypal.go:97.36,99.4 1 0
salesmee/internal/services/payment/paypal.go:101.3,132.17 4 0
salesmee/internal/services/payment/paypal.go:132.17,134.4 1 0
salesmee/internal/services/payment/paypal.go:135.3,137.26 2 0
salesmee/internal/services/payment/paypal.go:137.26,138.37 1 0
salesmee/internal/services/payment/paypal.go:138.37,140.5 1 0
salesmee/internal/services/payment/paypal.go:140.10,142.5 1 0
salesmee/internal/services/payment/paypal.go:143.4,143.45 1 0
salesmee/internal/services/payment/paypal.go:143.45,145.5 1 0
salesmee/internal/services/payment/paypal.go:150.2,168.16 3 0
salesmee/internal/services/payment/paypal.go:168.16,170.3 1 0
salesmee/internal/services/payment/paypal.go:173.2,174.37 2 0
salesmee/internal/services/payment/paypal.go:174.37,175.28 1 0
salesmee/internal/services/payment/paypal.go:175.28,177.9 2 0
salesmee/internal/services/payment/paypal.go:181.2,181.23 1 0
salesmee/internal/services/payment/paypal.go:181.23,183.3 1 0
salesmee/internal/services/payment/paypal.go:185.2,188.8 1 0
salesmee/internal/services/payment/paypal.go:191.98,193.2 1 0
salesmee/internal/services/payment/paypal.go:195.96,196.23 1 0
salesmee/internal/services/payment/paypal.go:196.23,198.3 1 0
salesmee/internal/services/payment/paypal.go:201.2,202.59 2 0
salesmee/internal/services/payment/paypal.go:202.59,204.3 1 0
salesmee/internal/services/payment/paypal.go:210.2,214.28 2 0
salesmee/internal/services/payment/paypal.go:218.36,228.70 2 0
salesmee/internal/services/payment/paypal.go:228.70,230.4 1 0
salesmee/internal/services/payment/paypal.go:231.3,233.30 3 0
salesmee/internal/services/payment/paypal.go:233.30,235.4 1 0
salesmee/internal/services/payment/paypal.go:236.3,236.29 1 0
salesmee/internal/services/payment/paypal.go:237.41,238.39 1 0
salesmee/internal/services/payment/paypal.go:239.41,240.41 1 0
salesmee/internal/services/payment/paypal.go:241.41,242.41 1 0
salesmee/internal/services/payment/paypal.go:243.39,244.39 1 0
salesmee/internal/services/payment/paypal.go:247.32,252.70 2 0
salesmee/internal/services/payment/paypal.go:252.70,254.4 1 0
salesmee/internal/services/payment/paypal.go:255.3,256.38 2 0
salesmee/internal/services/payment/paypal.go:259.2,259.19 1 0
salesmee/internal/services/payment/paypal.go:262.88,264.2 1 0
salesmee/internal/services/payment/stripe.go:24.40,29.26 4 0
salesmee/internal/services/payment/stripe.go:29.26,31.3 1 0
salesmee/internal/services/payment/stripe.go:33.2,39.3 2 0
salesmee/internal/services/payment/stripe.go:42.39,44.2 1 0
salesmee/internal/services/payment/stripe.go:46.95,49.20 3 0
salesmee/internal/services/payment/stripe.go:49.20,51.3 1 0
salesmee/internal/services/payment/stripe.go:53.2,85.16 4 0
salesmee/internal/services/payment/stripe.go:85.16,87.3 1 0
salesmee/internal/services/payment/stripe.go:89.2,92.8 1 0
salesmee/internal/services/payment/stripe.go:95.98,102.16 3 0
salesmee/internal/services/payment/stripe.go:102.16,104.3 1 0
salesmee/internal/services/payment/stripe.go:106.2,106.20 1 0
salesmee/internal/services/payment/stripe.go:109.96,111.16 2 0
salesmee/internal/services/payment/stripe.go:111.16,113.3 1 0
salesmee/internal/services/payment/stripe.go:115.2,118.20 3 0
salesmee/internal/services/payment/stripe.go:119.48,121.61 2 0
salesmee/internal/services/payment/stripe.go:121.61,123.4 1 0
salesmee/internal/services/payment/stripe.go:124.3,126.29 2 0
salesmee/internal/services/payment/stripe.go:126.29,128.4 1 0
salesmee/internal/services/payment/stripe.go:129.3,129.25 1 0
salesmee/internal/services/payment/stripe.go:129.25,130.49 1 0
salesmee/internal/services/payment/stripe.go:130.49,132.5 1 0
salesmee/internal/services/payment/stripe.go:133.4,134.66 2 0
salesmee/internal/services/payment/stripe.go:138.47,140.62 2 0
salesmee/internal/services/payment/stripe.go:140.62,142.4 1 0
salesmee/internal/services/payment/stripe.go:143.3,146.33 4 0
salesmee/internal/services/payment/stripe.go:146.33,148.4 1 0
salesmee/internal/services/payment/stripe.go:149.3,149.31 1 0
salesmee/internal/services/payment/stripe.go:149.31,151.4 1 0
salesmee/internal/services/payment/stripe.go:152.3,152.23 1 0
salesmee/internal/services/payment/stripe.go:152.23,154.4 1 0
salesmee/internal/services/payment/stripe.go:156.35,158.62 2 0
salesmee/internal/services/payment/stripe.go:158.62,160.4 1 0
salesmee/internal/services/payment/stripe.go:161.3,162.30 2 0
salesmee/internal/services/payment/stripe.go:162.30,164.4 1 0
salesmee/internal/services/payment/stripe.go:165.3,165.45 1 0
salesmee/internal/services/payment/stripe.go:167.44,169.62 2 0
salesmee/internal/services/payment/stripe.go:169.62,171.4 1 0
salesmee/internal/services/payment/stripe.go:172.3,173.30 2 0
salesmee/internal/services/payment/stripe.go:173.30,176.4 2 0
salesmee/internal/services/payment/stripe.go:179.2,179.27 1 0
salesmee/internal/services/payment/stripe.go:182.88,183.82 1 0
salesmee/internal/services/payment/stripe.go:183.82,185.3 1 0
salesmee/internal/services/payment/stripe.go:187.2,196.16 3 0
salesmee/internal/services/payment/stripe.go:196.16,198.3 1 0
salesmee/internal/services/payment/stripe.go:200.2,200.18 1 0
salesmee/internal/services/payment/stripe.go:203.13,205.2 1 1
salesmee/internal/middleware/auth.go:13.39,14.30 1 0
salesmee/internal/middleware/auth.go:14.30,16.18 2 0
salesmee/internal/middleware/auth.go:16.18,20.4 3 0
salesmee/internal/middleware/auth.go:22.3,23.17 2 0
salesmee/internal/middleware/auth.go:23.17,27.4 3 0
salesmee/internal/middleware/auth.go:29.3,31.14 3 0
salesmee/internal/middleware/auth.go:31.14,36.4 4 0
salesmee/internal/middleware/auth.go:38.3,40.11 3 0
salesmee/internal/middleware/auth.go:44.42,47.66 2 0
salesmee/internal/middleware/auth.go:47.66,49.3 1 0
salesmee/internal/middleware/auth.go:52.2,53.16 2 0
salesmee/internal/middleware/auth.go:53.16,55.3 1 0
salesmee/internal/middleware/auth.go:57.2,57.11 1 0
salesmee/internal/middleware/csrf.go:14.53,15.17 1 0
salesmee/internal/middleware/csrf.go:15.17,17.3 1 0
salesmee/internal/middleware/csrf.go:18.2,18.45 1 0
salesmee/internal/middleware/csrf.go:18.45,20.3 1 0
salesmee/internal/middleware/csrf.go:21.2,21.13 1 0
salesmee/internal/middleware/csrf.go:26.13,28.22 2 0
salesmee/internal/middleware/csrf.go:28.22,30.3 1 0
salesmee/internal/middleware/csrf.go:33.33,35.55 2 0
salesmee/internal/middleware/csrf.go:35.55,37.3 1 0
salesmee/internal/middleware/csrf.go:38.2,39.33 2 0
salesmee/internal/middleware/csrf.go:42.42,43.75 1 0
salesmee/internal/middleware/csrf.go:43.75,47.3 3 0
salesmee/internal/middleware/csrf.go:48.2,52.14 4 0
salesmee/internal/middleware/csrf.go:55.39,61.30 2 0
salesmee/internal/middleware/csrf.go:61.30,62.36 1 0
salesmee/internal/middleware/csrf.go:62.36,65.4 2 0
salesmee/internal/middleware/csrf.go:67.3,67.95 1 0
salesmee/internal/middleware/csrf.go:67.95,72.4 3 0
salesmee/internal/middleware/csrf.go:75.3,76.38 2 0
salesmee/internal/middleware/csrf.go:76.38,79.4 2 0
salesmee/internal/middleware/csrf.go:81.3,83.43 3 0
salesmee/internal/middleware/csrf.go:83.43,86.4 2 0
salesmee/internal/middleware/csrf.go:88.3,89.13 2 0
salesmee/internal/middleware/csrf.go:89.13,94.4 3 0
salesmee/internal/middleware/csrf.go:96.3,96.13 1 0
salesmee/internal/middleware/csrf.go:96.13,99.4 2 0
salesmee/internal/middleware/csrf.go:101.3,102.11 2 0
salesmee/internal/middleware/ratelimit.go:39.13,42.2 2 0
salesmee/internal/middleware/ratelimit.go:44.46,51.13 5 0
salesmee/internal/middleware/ratelimit.go:51.13,57.3 2 0
salesmee/internal/middleware/ratelimit.go:59.2,64.16 4 0
salesmee/internal/middleware/ratelimit.go:64.16,66.31 2 0
salesmee/internal/middleware/ratelimit.go:66.31,68.4 1 0
salesmee/internal/middleware/ratelimit.go:71.2,71.24 1 0
salesmee/internal/middleware/ratelimit.go:71.24,73.3 1 0
salesmee/internal/middleware/ratelimit.go:75.2,76.13 2 0
salesmee/internal/middleware/ratelimit.go:79.38,81.21 2 0
salesmee/internal/middleware/ratelimit.go:81.21,84.38 3 0
salesmee/internal/middleware/ratelimit.go:84.38,85.46 1 0
salesmee/internal/middleware/ratelimit.go:85.46,87.5 1 0
salesmee/internal/middleware/ratelimit.go:89.3,89.17 1 0
salesmee/internal/middleware/ratelimit.go:98.40,99.30 1 0
salesmee/internal/middleware/ratelimit.go:99.30,100.73 1 0
salesmee/internal/middleware/ratelimit.go:100.73,102.30 2 0
salesmee/internal/middleware/ratelimit.go:102.30,107.5 2 0
salesmee/internal/middleware/ratelimit.go:109.3,109.11 1 0
salesmee/internal/middleware/ratelimit.go:113.38,114.30 1 0
salesmee/internal/middleware/ratelimit.go:114.30,116.29 2 0
salesmee/internal/middleware/ratelimit.go:116.29,121.4 2 0
salesmee/internal/middleware/ratelimit.go:122.3,122.11 1 0
salesmee/internal/middleware/ratelimit.go:126.37,127.30 1 0
salesmee/internal/middleware/ratelimit.go:127.30,129.28 2 0
salesmee/internal/middleware/ratelimit.go:129.28,134.4 2 0
salesmee/internal/middleware/ratelimit.go:135.3,135.11 1 0
salesmee/internal/middleware/subscription.go:10.53,11.30 1 0
salesmee/internal/middleware/subscription.go:11.30,13.22 2 0
salesmee/internal/middleware/subscription.go:13.22,16.4 2 0
salesmee/internal/middleware/subscription.go:18.3,18.52 1 0
salesmee/internal/middleware/subscription.go:18.52,24.4 3 0
salesmee/internal/middleware/subscription.go:25.3,25.11 1 0
salesmee/internal/middleware/subscription.go:29.58,30.30 1 0
salesmee/internal/middleware/subscription.go:30.30,32.22 2 0
salesmee/internal/middleware/subscription.go:32.22,35.4 2 0
salesmee/internal/middleware/subscription.go:37.3,38.21 2 0
salesmee/internal/middleware/subscription.go:38.21,46.4 3 0
salesmee/internal/middleware/subscription.go:47.3,47.11 1 0
salesmee/configs/config.go:9.21,13.2 1 0
salesmee/configs/config.go:15.30,16.32 1 0
salesmee/configs/config.go:16.32,18.3 1 0
salesmee/configs/config.go:19.2,19.10 1 0
salesmee/internal/handlers/client/client.go:14.35,24.41 6 0
salesmee/internal/handlers/client/client.go:24.41,29.3 2 0
salesmee/internal/handlers/client/client.go:31.2,36.4 1 0
salesmee/internal/handlers/client/client.go:39.65,45.26 5 0
salesmee/internal/handlers/client/client.go:45.26,47.3 1 0
salesmee/internal/handlers/client/client.go:48.2,49.19 2 0
salesmee/internal/handlers/client/client.go:52.39,63.26 8 0
salesmee/internal/handlers/client/client.go:63.26,65.3 1 0
salesmee/internal/handlers/client/client.go:66.2,66.13 1 0
salesmee/internal/handlers/client/client.go:66.13,69.3 2 0
salesmee/internal/handlers/client/client.go:70.2,73.35 3 0
salesmee/internal/handlers/client/client.go:76.40,82.16 5 0
salesmee/internal/handlers/client/client.go:82.16,86.3 3 0
salesmee/internal/handlers/client/client.go:89.2,90.65 2 0
salesmee/internal/handlers/client/client.go:90.65,94.3 3 0
salesmee/internal/handlers/client/client.go:95.2,100.16 4 0
salesmee/internal/handlers/client/client.go:100.16,104.3 3 0
salesmee/internal/handlers/client/client.go:105.2,112.58 3 0
salesmee/internal/handlers/client/client.go:112.58,116.3 3 0
salesmee/internal/handlers/client/client.go:117.2,123.4 2 0
salesmee/internal/handlers/client/client.go:126.35,141.52 6 0
salesmee/internal/handlers/client/client.go:141.52,144.3 2 0
salesmee/internal/handlers/client/client.go:147.2,157.4 3 0
salesmee/internal/handlers/client/client.go:160.66,162.114 2 0
salesmee/internal/handlers/client/client.go:162.114,164.3 1 0
salesmee/internal/handlers/client/client.go:165.2,168.21 4 0
salesmee/internal/handlers/client/client.go:168.21,170.3 1 0
salesmee/internal/handlers/client/client.go:171.2,174.26 4 0
salesmee/internal/handlers/client/client.go:177.35,180.16 3 0
salesmee/internal/handlers/client/client.go:180.16,183.3 2 0
salesmee/internal/handlers/client/client.go:185.2,185.79 1 0
salesmee/internal/handlers/client/client.go:185.79,188.3 2 0
salesmee/internal/handlers/client/client.go:190.2,193.4 1 0
salesmee/internal/handlers/client/client.go:196.41,199.16 3 0
salesmee/internal/handlers/client/client.go:199.16,202.3 2 0
salesmee/internal/handlers/client/client.go:205.2,206.122 2 0
salesmee/internal/handlers/client/client.go:206.122,209.3 2 0
salesmee/internal/handlers/client/client.go:211.2,212.61 2 0
salesmee/internal/handlers/client/client.go:212.61,215.3 2 0
salesmee/internal/handlers/client/client.go:217.2,220.50 3 0
salesmee/internal/handlers/client/client.go:220.50,223.3 2 0
salesmee/internal/handlers/client/client.go:225.2,225.38 1 0
salesmee/internal/handlers/client/client.go:228.46,231.16 3 0
salesmee/internal/handlers/client/client.go:231.16,234.3 2 0
salesmee/internal/handlers/client/client.go:237.2,238.122 2 0
salesmee/internal/handlers/client/client.go:238.122,241.3 2 0
salesmee/internal/handlers/client/client.go:243.2,243.56 1 0
salesmee/internal/handlers/client/client.go:246.45,249.16 3 0
salesmee/internal/handlers/client/client.go:249.16,252.3 2 0
salesmee/internal/handlers/client/client.go:254.2,254.79 1 0
salesmee/internal/handlers/client/client.go:254.79,257.3 2 0
salesmee/internal/handlers/client/client.go:259.2,259.37 1 0
salesmee/internal/handlers/client/client_auth.go:20.38,21.71 1 0
salesmee/internal/handlers/client/client_auth.go:21.71,23.93 2 0
salesmee/internal/handlers/client/client_auth.go:23.93,26.4 2 0
salesmee/internal/handlers/client/client_auth.go:28.2,30.5 1 0
salesmee/internal/handlers/client/client_auth.go:33.36,35.17 2 0
salesmee/internal/handlers/client/client_auth.go:35.17,41.3 2 0
salesmee/internal/handlers/client/client_auth.go:44.2,46.16 3 0
salesmee/internal/handlers/client/client_auth.go:46.16,53.53 2 0
salesmee/internal/handlers/client/client_auth.go:53.53,59.4 2 0
salesmee/internal/handlers/client/client_auth.go:62.2,63.16 2 0
salesmee/internal/handlers/client/client_auth.go:63.16,69.3 2 0
salesmee/internal/handlers/client/client_auth.go:71.2,74.5 1 0
salesmee/internal/handlers/client/client_auth.go:77.38,81.34 3 0
salesmee/internal/handlers/client/client_auth.go:81.34,88.3 2 0
salesmee/internal/handlers/client/client_auth.go:90.2,91.16 2 0
salesmee/internal/handlers/client/client_auth.go:91.16,98.3 2 0
salesmee/internal/handlers/client/client_auth.go:101.2,114.16 7 0
salesmee/internal/handlers/client/client_auth.go:114.16,121.3 2 0
salesmee/internal/handlers/client/client_auth.go:124.2,125.41 2 0
salesmee/internal/handlers/client/client_auth.go:128.38,134.66 4 0
salesmee/internal/handlers/client/client_auth.go:134.66,136.78 2 0
salesmee/internal/handlers/client/client_auth.go:136.78,139.18 3 0
salesmee/internal/handlers/client/client_auth.go:139.18,141.5 1 0
salesmee/internal/handlers/client/client_auth.go:141.10,143.5 1 0
salesmee/internal/handlers/client/client_auth.go:144.9,146.4 1 0
salesmee/internal/handlers/client/client_auth.go:149.2,171.75 4 0
salesmee/internal/handlers/client/client_auth.go:171.75,178.3 3 0
salesmee/internal/handlers/client/client_auth.go:179.2,180.31 2 0
salesmee/internal/handlers/client/client_auth.go:180.31,182.3 1 0
salesmee/internal/handlers/client/client_auth.go:185.2,190.29 6 0
salesmee/internal/handlers/client/client_auth.go:190.29,192.3 1 0
salesmee/internal/handlers/client/client_auth.go:194.2,198.4 1 0
salesmee/internal/handlers/client/client_auth.go:213.108,215.38 1 0
salesmee/internal/handlers/client/client_auth.go:215.38,217.3 1 0
salesmee/internal/handlers/client/client_auth.go:219.2,220.77 2 0
salesmee/internal/handlers/client/client_auth.go:220.77,222.3 1 0
salesmee/internal/handlers/client/client_auth.go:225.2,226.122 2 0
salesmee/internal/handlers/client/client_auth.go:226.122,231.59 2 0
salesmee/internal/handlers/client/client_auth.go:231.59,233.4 1 0
salesmee/internal/handlers/client/client_auth.go:234.3,235.42 1 0
salesmee/internal/handlers/client/client_auth.go:238.2,238.36 1 0
salesmee/internal/handlers/client/client_auth.go:241.40,246.72 4 0
salesmee/internal/handlers/client/client_auth.go:246.72,249.3 2 0
salesmee/internal/handlers/client/client_auth.go:252.2,253.16 2 0
salesmee/internal/handlers/client/client_auth.go:253.16,257.3 3 0
salesmee/internal/handlers/client/client_auth.go:260.2,261.122 2 0
salesmee/internal/handlers/client/client_auth.go:261.122,264.3 2 0
salesmee/internal/handlers/client/client_auth.go:267.2,278.31 4 0
salesmee/internal/handlers/client/client_auth.go:278.31,290.3 2 0
salesmee/internal/handlers/client/client_auth.go:293.2,295.31 3 0
salesmee/internal/handlers/client/client_auth.go:295.31,301.35 5 0
salesmee/internal/handlers/client/client_auth.go:301.35,302.30 1 0
salesmee/internal/handlers/client/client_auth.go:302.30,304.5 1 0
salesmee/internal/handlers/client/client_auth.go:305.4,305.58 1 0
salesmee/internal/handlers/client/client_auth.go:308.3,309.35 2 0
salesmee/internal/handlers/client/client_auth.go:309.35,318.28 2 0
salesmee/internal/handlers/client/client_auth.go:318.28,320.5 1 0
salesmee/internal/handlers/client/client_auth.go:321.4,321.34 1 0
salesmee/internal/handlers/client/client_auth.go:324.3,327.23 3 0
salesmee/internal/handlers/client/client_auth.go:328.16,330.19 2 0
salesmee/internal/handlers/client/client_auth.go:331.18,332.62 1 0
salesmee/internal/handlers/client/client_auth.go:332.62,335.5 2 0
salesmee/internal/handlers/client/client_auth.go:335.10,335.69 1 0
salesmee/internal/handlers/client/client_auth.go:335.69,337.5 1 0
salesmee/internal/handlers/client/client_auth.go:337.10,339.5 1 0
salesmee/internal/handlers/client/client_auth.go:340.27,341.31 1 0
salesmee/internal/handlers/client/client_auth.go:342.20,343.27 1 0
salesmee/internal/handlers/client/client_auth.go:344.20,345.27 1 0
salesmee/internal/handlers/client/client_auth.go:346.20,347.27 1 0
salesmee/internal/handlers/client/client_auth.go:348.11,349.27 1 0
salesmee/internal/handlers/client/client_auth.go:352.3,353.20 2 0
salesmee/internal/handlers/client/client_auth.go:353.20,355.4 1 0
salesmee/internal/handlers/client/client_auth.go:357.3,396.5 6 0
salesmee/internal/handlers/client/client_auth.go:400.2,402.35 3 0
salesmee/internal/handlers/client/client_auth.go:402.35,408.37 5 0
salesmee/internal/handlers/client/client_auth.go:408.37,412.27 4 0
salesmee/internal/handlers/client/client_auth.go:412.27,414.5 1 0
salesmee/internal/handlers/client/client_auth.go:417.3,418.27 2 0
salesmee/internal/handlers/client/client_auth.go:418.27,420.4 1 0
salesmee/internal/handlers/client/client_auth.go:422.3,430.34 6 0
salesmee/internal/handlers/client/client_auth.go:430.34,432.4 1 0
salesmee/internal/handlers/client/client_auth.go:432.9,432.94 1 0
salesmee/internal/handlers/client/client_auth.go:432.94,434.4 1 0
salesmee/internal/handlers/client/client_auth.go:434.9,436.4 1 0
salesmee/internal/handlers/client/client_auth.go:438.3,468.5 2 0
salesmee/internal/handlers/client/client_auth.go:472.2,472.40 1 0
salesmee/internal/handlers/client/client_auth.go:472.40,473.45 1 0
salesmee/internal/handlers/client/client_auth.go:473.45,474.64 1 0
salesmee/internal/handlers/client/client_auth.go:474.64,476.5 1 0
salesmee/internal/handlers/client/client_auth.go:480.2,485.4 1 0
salesmee/internal/handlers/client/client_auth.go:488.42,493.72 4 0
salesmee/internal/handlers/client/client_auth.go:493.72,496.3 2 0
salesmee/internal/handlers/client/client_auth.go:498.2,502.16 3 0
salesmee/internal/handlers/client/client_auth.go:502.16,506.3 3 0
salesmee/internal/handlers/client/client_auth.go:508.2,510.18 3 0
salesmee/internal/handlers/client/client_auth.go:510.18,512.3 1 0
salesmee/internal/handlers/client/client_auth.go:515.2,523.81 2 0
salesmee/internal/handlers/client/client_auth.go:523.81,525.17 2 0
salesmee/internal/handlers/client/client_auth.go:525.17,528.9 3 0
salesmee/internal/handlers/client/client_auth.go:532.2,532.53 1 0
salesmee/internal/handlers/client/client_auth.go:532.53,536.3 3 0
salesmee/internal/handlers/client/client_auth.go:538.2,555.4 3 0
salesmee/internal/handlers/client/client_auth.go:558.41,559.30 1 0
salesmee/internal/handlers/client/client_auth.go:559.30,561.18 2 0
salesmee/internal/handlers/client/client_auth.go:561.18,563.4 1 0
salesmee/internal/handlers/client/client_auth.go:565.3,565.18 1 0
salesmee/internal/handlers/client/client_auth.go:565.18,569.4 3 0
salesmee/internal/handlers/client/client_auth.go:572.3,575.47 3 0
salesmee/internal/handlers/client/client_auth.go:575.47,579.4 3 0
salesmee/internal/handlers/client/client_auth.go:581.3,583.11 3 0
salesmee/internal/handlers/client/client_auth.go:587.38,590.17 2 0
salesmee/internal/handlers/client/client_auth.go:590.17,592.3 1 0
salesmee/internal/handlers/client/client_auth.go:594.2,594.17 1 0
salesmee/internal/handlers/client/client_auth.go:594.17,597.3 2 0
salesmee/internal/handlers/client/client_auth.go:599.2,601.46 3 0
salesmee/internal/handlers/client/client_auth.go:601.46,604.3 2 0
salesmee/internal/handlers/client/client_auth.go:607.2,613.54 3 0
salesmee/internal/handlers/client/client_auth.go:616.35,619.17 2 0
salesmee/internal/handlers/client/client_auth.go:619.17,622.47 3 0
salesmee/internal/handlers/client/client_auth.go:622.47,625.4 1 0
salesmee/internal/handlers/client/client_auth.go:629.2,630.47 2 0
salesmee/internal/handlers/client/client_auth.go:635.40,640.103 4 0
salesmee/internal/handlers/client/client_auth.go:640.103,643.3 2 0
salesmee/internal/handlers/client/client_auth.go:646.2,655.55 2 0
salesmee/internal/handlers/client/client_auth.go:655.55,656.86 1 0
salesmee/internal/handlers/client/client_auth.go:656.86,662.37 3 0
salesmee/internal/handlers/client/client_auth.go:662.37,667.5 4 0
salesmee/internal/handlers/client/client_auth.go:670.4,674.43 3 0
salesmee/internal/handlers/client/client_auth.go:674.43,676.71 2 0
salesmee/internal/handlers/client/client_auth.go:676.71,677.14 1 0
salesmee/internal/handlers/client/client_auth.go:679.5,679.38 1 0
salesmee/internal/handlers/client/client_auth.go:679.38,680.14 1 0
salesmee/internal/handlers/client/client_auth.go:682.5,692.25 5 0
salesmee/internal/handlers/client/client_auth.go:695.4,696.41 2 0
salesmee/internal/handlers/client/client_auth.go:696.41,698.5 1 0
salesmee/internal/handlers/client/client_auth.go:699.4,704.10 6 0
salesmee/internal/handlers/client/client_auth.go:709.2,710.17 2 0
salesmee/internal/handlers/client/client_auth.go:710.17,712.3 1 0
salesmee/internal/handlers/client/client_auth.go:714.2,715.23 2 0
salesmee/internal/handlers/client/client_auth.go:715.23,716.77 1 0
salesmee/internal/handlers/client/client_auth.go:716.77,718.88 2 0
salesmee/internal/handlers/client/client_auth.go:718.88,723.5 4 0
salesmee/internal/handlers/client/client_auth.go:724.4,724.29 1 0
salesmee/internal/handlers/client/client_auth.go:728.2,729.63 2 0
salesmee/internal/handlers/client/client_auth.go:733.41,738.16 4 0
salesmee/internal/handlers/client/client_auth.go:738.16,741.3 2 0
salesmee/internal/handlers/client/client_auth.go:743.2,744.103 2 0
salesmee/internal/handlers/client/client_auth.go:744.103,747.3 2 0
salesmee/internal/handlers/client/client_auth.go:749.2,749.31 1 0
salesmee/internal/handlers/client/client_auth.go:749.31,752.3 2 0
salesmee/internal/handlers/client/client_auth.go:754.2,754.29 1 0
salesmee/internal/handlers/client/client_auth.go:754.29,757.3 2 0
salesmee/internal/handlers/client/client_auth.go:760.2,768.28 3 0
salesmee/internal/handlers/client/client_auth.go:768.28,770.41 2 0
salesmee/internal/handlers/client/client_auth.go:770.41,772.126 2 0
salesmee/internal/handlers/client/client_auth.go:772.126,773.13 1 0
salesmee/internal/handlers/client/client_auth.go:775.4,783.17 7 0
salesmee/internal/handlers/client/client_auth.go:783.17,790.26 5 0
salesmee/internal/handlers/client/client_auth.go:790.26,791.19 1 0
salesmee/internal/handlers/client/client_auth.go:791.19,791.34 1 0
salesmee/internal/handlers/client/client_auth.go:791.39,791.56 1 0
salesmee/internal/handlers/client/client_auth.go:793.27,794.19 1 0
salesmee/internal/handlers/client/client_auth.go:794.19,794.35 1 0
salesmee/internal/handlers/client/client_auth.go:794.40,794.56 1 0
salesmee/internal/handlers/client/client_auth.go:800.3,800.22 1 0
salesmee/internal/handlers/client/client_auth.go:800.22,802.4 1 0
salesmee/internal/handlers/client/client_auth.go:805.2,811.49 6 0
salesmee/internal/handlers/client/client_auth.go:811.49,814.3 2 0
salesmee/internal/handlers/client/client_auth.go:816.2,820.4 1 0
salesmee/internal/handlers/client/client_auth.go:824.40,829.16 4 0
salesmee/internal/handlers/client/client_auth.go:829.16,832.3 2 0
salesmee/internal/handlers/client/client_auth.go:834.2,835.103 2 0
salesmee/internal/handlers/client/client_auth.go:835.103,838.3 2 0
salesmee/internal/handlers/client/client_auth.go:840.2,840.64 1 0
salesmee/internal/handlers/client/client_auth.go:840.64,843.3 2 0
salesmee/internal/handlers/client/client_auth.go:845.2,845.33 1 0
salesmee/internal/handlers/client/client_auth.go:845.33,848.3 2 0
salesmee/internal/handlers/client/client_auth.go:850.2,858.4 4 0
salesmee/internal/handlers/client/client_auth.go:862.42,867.107 4 0
salesmee/internal/handlers/client/client_auth.go:867.107,870.3 2 0
salesmee/internal/handlers/client/client_auth.go:872.2,872.55 1 0
salesmee/internal/handlers/client/client_auth.go:872.55,878.48 2 0
salesmee/internal/handlers/client/client_auth.go:878.48,879.23 1 0
salesmee/internal/handlers/client/client_auth.go:879.23,881.5 1 0
salesmee/internal/handlers/client/client_auth.go:882.4,882.31 1 0
salesmee/internal/handlers/client/client_auth.go:882.31,883.80 1 0
salesmee/internal/handlers/client/client_auth.go:883.80,885.6 1 0
salesmee/internal/handlers/client/client_auth.go:887.4,887.25 1 0
salesmee/internal/handlers/client/client_auth.go:887.25,890.30 3 0
salesmee/internal/handlers/client/client_auth.go:890.30,892.71 2 0
salesmee/internal/handlers/client/client_auth.go:892.71,898.7 5 0
salesmee/internal/handlers/client/client_auth.go:901.4,903.10 3 0
salesmee/internal/handlers/client/client_auth.go:908.2,911.17 3 0
salesmee/internal/handlers/client/client_auth.go:911.17,913.3 1 0
salesmee/internal/handlers/client/client_auth.go:914.2,914.25 1 0
salesmee/internal/handlers/client/client_auth.go:914.25,915.74 1 0
salesmee/internal/handlers/client/client_auth.go:915.74,917.4 1 0
salesmee/internal/handlers/client/client_auth.go:920.2,921.67 2 0
salesmee/internal/handlers/client/client_auth.go:925.42,930.16 4 0
salesmee/internal/handlers/client/client_auth.go:930.16,933.3 2 0
salesmee/internal/handlers/client/client_auth.go:935.2,936.107 2 0
salesmee/internal/handlers/client/client_auth.go:936.107,939.3 2 0
salesmee/internal/handlers/client/client_auth.go:941.2,941.35 1 0
salesmee/internal/handlers/client/client_auth.go:941.35,944.3 2 0
salesmee/internal/handlers/client/client_auth.go:946.2,946.35 1 0
salesmee/internal/handlers/client/client_auth.go:946.35,949.3 2 0
salesmee/internal/handlers/client/client_auth.go:951.2,959.4 4 0
salesmee/internal/handlers/client/client_auth.go:963.43,968.16 4 0
salesmee/internal/handlers/client/client_auth.go:968.16,971.3 2 0
salesmee/internal/handlers/client/client_auth.go:973.2,974.107 2 0
salesmee/internal/handlers/client/client_auth.go:974.107,977.3 2 0
salesmee/internal/handlers/client/client_auth.go:979.2,979.33 1 0
salesmee/internal/handlers/client/client_auth.go:979.33,982.3 2 0
salesmee/internal/handlers/client/client_auth.go:984.2,992.4 4 0
salesmee/internal/handlers/client/social_auth.go:27.55,28.36 1 0
salesmee/internal/handlers/client/social_auth.go:28.36,30.3 1 0
salesmee/internal/handlers/client/social_auth.go:31.2,31.28 1 0
salesmee/internal/handlers/client/social_auth.go:34.59,35.38 1 0
salesmee/internal/handlers/client/social_auth.go:35.38,37.3 1 0
salesmee/internal/handlers/client/social_auth.go:38.2,38.30 1 0
salesmee/internal/handlers/client/social_auth.go:41.35,45.2 3 0
salesmee/internal/handlers/client/social_auth.go:47.47,52.2 4 0
salesmee/internal/handlers/client/social_auth.go:54.77,66.2 3 0
salesmee/internal/handlers/client/social_auth.go:68.49,71.55 3 0
salesmee/internal/handlers/client/social_auth.go:71.55,77.3 2 0
salesmee/internal/handlers/client/social_auth.go:78.2,81.16 3 0
salesmee/internal/handlers/client/social_auth.go:81.16,87.3 2 0
salesmee/internal/handlers/client/social_auth.go:89.2,90.16 2 0
salesmee/internal/handlers/client/social_auth.go:90.16,96.3 2 0
salesmee/internal/handlers/client/social_auth.go:98.2,99.119 2 0
salesmee/internal/handlers/client/social_auth.go:99.119,107.53 2 0
salesmee/internal/handlers/client/social_auth.go:107.53,113.4 2 0
salesmee/internal/handlers/client/social_auth.go:114.8,115.28 1 0
salesmee/internal/handlers/client/social_auth.go:115.28,117.28 2 0
salesmee/internal/handlers/client/social_auth.go:117.28,119.5 1 0
salesmee/internal/handlers/client/social_auth.go:120.4,120.23 1 0
salesmee/internal/handlers/client/social_auth.go:124.2,131.16 4 0
salesmee/internal/handlers/client/social_auth.go:131.16,137.3 2 0
salesmee/internal/handlers/client/social_auth.go:139.2,140.41 2 0
salesmee/internal/handlers/client/social_auth.go:143.49,148.2 4 0
salesmee/internal/handlers/client/social_auth.go:150.51,153.55 3 0
salesmee/internal/handlers/client/social_auth.go:153.55,159.3 2 0
salesmee/internal/handlers/client/social_auth.go:160.2,163.16 3 0
salesmee/internal/handlers/client/social_auth.go:163.16,169.3 2 0
salesmee/internal/handlers/client/social_auth.go:171.2,172.16 2 0
salesmee/internal/handlers/client/social_auth.go:172.16,178.3 2 0
salesmee/internal/handlers/client/social_auth.go:180.2,181.121 2 0
salesmee/internal/handlers/client/social_auth.go:181.121,189.53 2 0
salesmee/internal/handlers/client/social_auth.go:189.53,195.4 2 0
salesmee/internal/handlers/client/social_auth.go:196.8,197.30 1 0
salesmee/internal/handlers/client/social_auth.go:197.30,199.28 2 0
salesmee/internal/handlers/client/social_auth.go:199.28,201.5 1 0
salesmee/internal/handlers/client/social_auth.go:202.4,202.23 1 0
salesmee/internal/handlers/client/social_auth.go:206.2,213.16 4 0
salesmee/internal/handlers/client/social_auth.go:213.16,219.3 2 0
salesmee/internal/handlers/client/social_auth.go:221.2,222.41 2 0
salesmee/internal/handlers/admin/admin.go:16.32,20.2 1 0
salesmee/internal/handlers/admin/admin.go:22.28,26.35 3 0
salesmee/internal/handlers/admin/admin.go:26.35,32.3 2 0
salesmee/internal/handlers/admin/admin.go:34.2,35.76 2 0
salesmee/internal/handlers/admin/admin.go:35.76,41.3 2 0
salesmee/internal/handlers/admin/admin.go:43.2,43.96 1 0
salesmee/internal/handlers/admin/admin.go:43.96,49.3 2 0
salesmee/internal/handlers/admin/admin.go:51.2,52.40 2 0
salesmee/internal/handlers/admin/admin.go:55.40,56.30 1 0
salesmee/internal/handlers/admin/admin.go:56.30,58.33 2 0
salesmee/internal/handlers/admin/admin.go:58.33,60.84 2 0
salesmee/internal/handlers/admin/admin.go:60.84,61.54 1 0
salesmee/internal/handlers/admin/admin.go:61.54,68.6 6 0
salesmee/internal/handlers/admin/admin.go:71.3,72.12 2 0
salesmee/internal/handlers/admin/admin.go:76.36,94.2 9 0
salesmee/internal/handlers/admin/admin.go:96.37,104.2 3 0
salesmee/internal/handlers/admin/admin.go:106.38,121.2 6 0
salesmee/internal/handlers/admin/admin.go:123.39,138.2 6 0
salesmee/internal/handlers/admin/admin.go:140.40,148.2 3 0
salesmee/internal/handlers/admin/admin.go:150.35,158.2 3 0
salesmee/internal/handlers/admin/admin.go:160.18,163.15 3 0
salesmee/internal/handlers/admin/admin.go:163.15,165.3 1 0
salesmee/internal/handlers/admin/admin.go:167.2,169.35 3 0
salesmee/internal/handlers/admin/admin.go:169.35,171.3 1 0
salesmee/internal/handlers/admin/admin.go:173.2,192.4 5 0
salesmee/cmd/server/main.go:23.13,83.49 25 0
salesmee/cmd/server/main.go:83.49,85.3 1 0
salesmee/cmd/server/main.go:88.2,94.93 4 0
salesmee/cmd/server/main.go:94.93,95.17 1 0
salesmee/cmd/server/main.go:95.17,97.4 1 0
salesmee/cmd/server/main.go:99.3,99.53 1 0
salesmee/cmd/server/main.go:99.53,101.4 1 0
salesmee/cmd/server/main.go:103.3,103.13 1 0
salesmee/cmd/server/main.go:106.2,106.16 1 0
salesmee/cmd/server/main.go:106.16,108.3 1 0
salesmee/cmd/server/main.go:110.2,112.26 1 0
salesmee/cmd/server/main.go:112.26,114.4 1 0
salesmee/cmd/server/main.go:115.71,117.40 2 0
salesmee/cmd/server/main.go:117.40,118.26 1 0
salesmee/cmd/server/main.go:118.26,121.6 2 0
salesmee/cmd/server/main.go:123.4,123.20 1 0
salesmee/cmd/server/main.go:126.53,127.31 1 0
salesmee/cmd/server/main.go:127.31,129.5 1 0
salesmee/cmd/server/main.go:130.4,130.14 1 0
salesmee/cmd/server/main.go:132.42,134.4 1 0
salesmee/cmd/server/main.go:135.42,137.4 1 0
salesmee/cmd/server/main.go:138.37,138.53 1 0
salesmee/cmd/server/main.go:139.37,139.53 1 0
salesmee/cmd/server/main.go:140.37,140.53 1 0
salesmee/cmd/server/main.go:141.37,141.53 1 0
salesmee/cmd/server/main.go:142.32,142.53 1 0
salesmee/cmd/server/main.go:143.38,146.4 2 0
salesmee/cmd/server/main.go:147.46,148.38 1 0
salesmee/cmd/server/main.go:148.38,149.23 1 0
salesmee/cmd/server/main.go:149.23,151.6 1 0
salesmee/cmd/server/main.go:153.4,153.15 1 0
salesmee/cmd/server/main.go:156.2,160.45 3 0
salesmee/cmd/server/main.go:160.45,162.3 1 0
salesmee/cmd/server/main.go:164.2,170.36 6 0
salesmee/cmd/server/main.go:173.40,176.15 3 0
salesmee/cmd/server/main.go:176.15,178.3 1 0
salesmee/cmd/server/main.go:180.2,239.29 3 0
salesmee/cmd/server/main.go:239.29,241.3 1 0
salesmee/cmd/server/main.go:243.2,243.59 1 0
salesmee/internal/handlers/action.go:13.35,16.16 3 0
salesmee/internal/handlers/action.go:16.16,19.3 2 0
salesmee/internal/handlers/action.go:22.2,25.37 2 0
salesmee/internal/handlers/action.go:25.37,28.3 2 0
salesmee/internal/handlers/action.go:30.2,35.17 4 0
salesmee/internal/handlers/action.go:35.17,36.21 1 0
salesmee/internal/handlers/action.go:37.15,38.40 1 0
salesmee/internal/handlers/action.go:39.19,40.44 1 0
salesmee/internal/handlers/action.go:41.18,42.43 1 0
salesmee/internal/handlers/action.go:43.11,44.42 1 0
salesmee/internal/handlers/action.go:49.2,49.23 1 0
salesmee/internal/handlers/action.go:49.23,51.3 1 0
salesmee/internal/handlers/action.go:53.2,54.60 2 0
salesmee/internal/handlers/action.go:54.60,55.70 1 0
salesmee/internal/handlers/action.go:55.70,57.4 1 0
salesmee/internal/handlers/action.go:60.2,71.52 2 0
salesmee/internal/handlers/action.go:71.52,74.3 2 0
salesmee/internal/handlers/action.go:76.2,76.38 1 0
salesmee/internal/handlers/action.go:79.47,82.16 3 0
salesmee/internal/handlers/action.go:82.16,85.3 2 0
salesmee/internal/handlers/action.go:88.2,90.42 2 0
salesmee/internal/handlers/action.go:90.42,93.3 2 0
salesmee/internal/handlers/action.go:95.2,100.98 4 0
salesmee/internal/handlers/action.go:100.98,115.3 2 0
salesmee/internal/handlers/action.go:115.8,124.37 2 0
salesmee/internal/handlers/action.go:124.37,128.4 3 0
salesmee/internal/handlers/action.go:130.3,135.51 4 0
salesmee/internal/handlers/action.go:135.51,138.4 2 0
salesmee/internal/handlers/action.go:141.3,141.48 1 0
salesmee/internal/handlers/action.go:141.48,144.4 2 0
salesmee/internal/handlers/action.go:146.3,146.24 1 0
salesmee/internal/handlers/action.go:149.2,149.42 1 0
salesmee/internal/handlers/action.go:152.33,160.36 3 0
salesmee/internal/handlers/action.go:160.36,163.3 2 0
salesmee/internal/handlers/action.go:165.2,165.40 1 0
salesmee/internal/handlers/action.go:168.41,171.16 3 0
salesmee/internal/handlers/action.go:171.16,174.3 2 0
salesmee/internal/handlers/action.go:177.2,181.36 2 0
salesmee/internal/handlers/action.go:181.36,184.3 2 0
salesmee/internal/handlers/action.go:186.2,189.50 3 0
salesmee/internal/handlers/action.go:189.50,192.3 2 0
salesmee/internal/handlers/action.go:194.2,194.38 1 0
salesmee/internal/handlers/action_automation.go:14.121,15.20 1 0
salesmee/internal/handlers/action_automation.go:16.17,18.47 1 0
salesmee/internal/handlers/action_automation.go:18.47,20.4 1 0
salesmee/internal/handlers/action_automation.go:21.3,21.34 1 0
salesmee/internal/handlers/action_automation.go:22.14,24.42 1 0
salesmee/internal/handlers/action_automation.go:24.42,26.4 1 0
salesmee/internal/handlers/action_automation.go:27.3,27.22 1 0
salesmee/internal/handlers/action_automation.go:28.18,30.44 1 0
salesmee/internal/handlers/action_automation.go:30.44,32.4 1 0
salesmee/internal/handlers/action_automation.go:33.3,33.22 1 0
salesmee/internal/handlers/action_automation.go:34.10,36.22 1 0
salesmee/internal/handlers/action_automation.go:41.47,44.16 3 0
salesmee/internal/handlers/action_automation.go:44.16,47.3 2 0
salesmee/internal/handlers/action_automation.go:50.2,52.50 2 0
salesmee/internal/handlers/action_automation.go:52.50,55.3 2 0
salesmee/internal/handlers/action_automation.go:58.2,75.22 7 0
salesmee/internal/handlers/action_automation.go:75.22,76.71 1 0
salesmee/internal/handlers/action_automation.go:76.71,78.4 1 0
salesmee/internal/handlers/action_automation.go:81.2,81.52 1 0
salesmee/internal/handlers/action_automation.go:81.52,84.3 2 0
salesmee/internal/handlers/action_automation.go:87.2,88.91 2 0
salesmee/internal/handlers/action_automation.go:88.91,91.3 2 0
salesmee/internal/handlers/action_automation.go:93.2,94.93 2 0
salesmee/internal/handlers/action_automation.go:94.93,102.3 2 0
salesmee/internal/handlers/action_automation.go:105.2,106.39 2 0
salesmee/internal/handlers/action_automation.go:106.39,123.3 7 0
salesmee/internal/handlers/action_automation.go:126.2,129.4 1 0
salesmee/internal/handlers/action_automation.go:133.59,134.15 1 0
salesmee/internal/handlers/action_automation.go:135.27,136.12 1 0
salesmee/internal/handlers/action_automation.go:137.33,138.12 1 0
salesmee/internal/handlers/action_automation.go:139.31,140.12 1 0
salesmee/internal/handlers/action_automation.go:141.32,142.12 1 0
salesmee/internal/handlers/action_automation.go:143.30,144.12 1 0
salesmee/internal/handlers/action_automation.go:145.29,146.13 1 0
salesmee/internal/handlers/action_automation.go:147.28,148.12 1 0
salesmee/internal/handlers/action_automation.go:149.10,150.12 1 0
salesmee/internal/handlers/action_enhanced.go:13.38,18.63 3 0
salesmee/internal/handlers/action_enhanced.go:18.63,21.3 2 0
salesmee/internal/handlers/action_enhanced.go:23.2,25.4 1 0
salesmee/internal/handlers/action_enhanced.go:28.43,38.60 8 0
salesmee/internal/handlers/action_enhanced.go:38.60,39.70 1 0
salesmee/internal/handlers/action_enhanced.go:39.70,41.4 1 0
salesmee/internal/handlers/action_enhanced.go:45.2,46.60 2 0
salesmee/internal/handlers/action_enhanced.go:46.60,47.65 1 0
salesmee/internal/handlers/action_enhanced.go:47.65,49.4 1 0
salesmee/internal/handlers/action_enhanced.go:52.2,65.52 2 0
salesmee/internal/handlers/action_enhanced.go:65.52,68.3 2 0
salesmee/internal/handlers/action_enhanced.go:71.2,73.55 2 0
salesmee/internal/handlers/action_enhanced.go:76.41,87.16 4 0
salesmee/internal/handlers/action_enhanced.go:87.16,90.3 2 0
salesmee/internal/handlers/action_enhanced.go:92.2,92.40 1 0
salesmee/internal/handlers/action_enhanced.go:95.49,99.111 3 0
salesmee/internal/handlers/action_enhanced.go:99.111,102.3 2 0
salesmee/internal/handlers/action_enhanced.go:105.2,105.27 1 0
salesmee/internal/handlers/action_enhanced.go:105.27,107.3 1 0
salesmee/internal/handlers/action_enhanced.go:109.2,109.37 1 0
salesmee/internal/handlers/action_enhanced.go:112.46,118.16 4 0
salesmee/internal/handlers/action_enhanced.go:118.16,134.3 3 0
salesmee/internal/handlers/action_enhanced.go:136.2,136.42 1 0
salesmee/internal/handlers/action_enhanced.go:139.46,145.98 5 0
salesmee/internal/handlers/action_enhanced.go:145.98,148.3 2 0
salesmee/internal/handlers/action_enhanced.go:151.2,158.36 2 0
salesmee/internal/handlers/action_enhanced.go:158.36,162.3 3 0
salesmee/internal/handlers/action_enhanced.go:164.2,171.50 4 0
salesmee/internal/handlers/action_enhanced.go:171.50,174.3 2 0
salesmee/internal/handlers/action_enhanced.go:177.2,177.47 1 0
salesmee/internal/handlers/action_enhanced.go:177.47,180.3 2 0
salesmee/internal/handlers/action_enhanced.go:182.2,183.59 2 0
salesmee/internal/handlers/action_enhanced.go:186.65,197.44 2 0
salesmee/internal/handlers/action_enhanced.go:197.44,199.3 1 0
salesmee/internal/handlers/action_enhanced.go:200.2,200.10 1 0
salesmee/internal/handlers/action_enhanced.go:203.49,208.2 3 0
salesmee/internal/handlers/action_enhanced.go:212.49,214.98 2 0
salesmee/internal/handlers/action_enhanced.go:214.98,216.3 1 0
salesmee/internal/handlers/action_enhanced.go:218.2,219.73 2 0
salesmee/internal/handlers/action_enhanced.go:219.73,221.3 1 0
salesmee/internal/handlers/action_enhanced.go:222.2,235.50 8 0
salesmee/internal/handlers/action_enhanced.go:235.50,236.48 1 0
salesmee/internal/handlers/action_enhanced.go:236.48,239.4 2 0
salesmee/internal/handlers/action_enhanced.go:240.8,248.51 5 0
salesmee/internal/handlers/action_enhanced.go:248.51,249.52 1 0
salesmee/internal/handlers/action_enhanced.go:249.52,252.5 2 0
salesmee/internal/handlers/action_enhanced.go:253.9,261.48 5 0
salesmee/internal/handlers/action_enhanced.go:261.48,262.52 1 0
salesmee/internal/handlers/action_enhanced.go:262.52,265.6 2 0
salesmee/internal/handlers/action_enhanced.go:266.10,271.71 3 0
salesmee/internal/handlers/action_enhanced.go:271.71,274.6 2 0
salesmee/internal/handlers/action_enhanced.go:280.2,280.47 1 0
salesmee/internal/handlers/action_enhanced.go:280.47,287.44 5 0
salesmee/internal/handlers/action_enhanced.go:287.44,288.50 1 0
salesmee/internal/handlers/action_enhanced.go:288.50,291.5 2 0
salesmee/internal/handlers/action_enhanced.go:296.2,296.89 1 0
salesmee/internal/handlers/action_enhanced.go:296.89,298.123 2 0
salesmee/internal/handlers/action_enhanced.go:298.123,299.101 1 0
salesmee/internal/handlers/action_enhanced.go:299.101,300.49 1 0
salesmee/internal/handlers/action_enhanced.go:300.49,303.6 2 0
salesmee/internal/handlers/action_enhanced.go:309.2,309.39 1 0
salesmee/internal/handlers/action_enhanced.go:309.39,315.37 2 0
salesmee/internal/handlers/action_enhanced.go:315.37,318.4 2 0
salesmee/internal/handlers/action_enhanced.go:320.3,324.43 4 0
salesmee/internal/handlers/action_enhanced.go:324.43,327.4 2 0
salesmee/internal/handlers/action_enhanced.go:328.3,328.40 1 0
salesmee/internal/handlers/action_enhanced.go:328.40,331.4 2 0
salesmee/internal/handlers/action_enhanced.go:333.3,333.24 1 0
salesmee/internal/handlers/action_enhanced.go:336.2,336.47 1 0
salesmee/internal/handlers/action_enhanced.go:340.51,351.2 2 0
salesmee/internal/handlers/auth.go:20.39,27.25 6 0
salesmee/internal/handlers/auth.go:27.25,28.67 1 0
salesmee/internal/handlers/auth.go:28.67,30.4 1 0
salesmee/internal/handlers/auth.go:32.2,34.16 3 0
salesmee/internal/handlers/auth.go:34.16,36.3 1 0
salesmee/internal/handlers/auth.go:37.2,37.13 1 0
salesmee/internal/handlers/auth.go:40.37,43.6 3 0
salesmee/internal/handlers/auth.go:43.6,45.66 2 0
salesmee/internal/handlers/auth.go:45.66,46.9 1 0
salesmee/internal/handlers/auth.go:48.3,49.12 2 0
salesmee/internal/handlers/auth.go:51.2,51.13 1 0
salesmee/internal/handlers/auth.go:54.32,55.64 1 0
salesmee/internal/handlers/auth.go:55.64,56.58 1 0
salesmee/internal/handlers/auth.go:56.58,59.4 2 0
salesmee/internal/handlers/auth.go:61.2,63.5 1 0
salesmee/internal/handlers/auth.go:66.40,67.64 1 0
salesmee/internal/handlers/auth.go:67.64,68.58 1 0
salesmee/internal/handlers/auth.go:68.58,71.4 2 0
salesmee/internal/handlers/auth.go:73.2,75.5 1 0
salesmee/internal/handlers/auth.go:78.49,80.43 2 0
salesmee/internal/handlers/auth.go:80.43,82.3 1 0
salesmee/internal/handlers/auth.go:83.2,83.10 1 0
salesmee/internal/handlers/auth.go:86.36,87.64 1 0
salesmee/internal/handlers/auth.go:87.64,88.58 1 0
salesmee/internal/handlers/auth.go:88.58,91.4 2 0
salesmee/internal/handlers/auth.go:94.2,98.49 4 0
salesmee/internal/handlers/auth.go:98.49,104.3 2 0
salesmee/internal/handlers/auth.go:106.2,107.67 2 0
salesmee/internal/handlers/auth.go:107.67,113.3 2 0
salesmee/internal/handlers/auth.go:115.2,121.69 2 0
salesmee/internal/handlers/auth.go:124.40,125.64 1 0
salesmee/internal/handlers/auth.go:125.64,126.58 1 0
salesmee/internal/handlers/auth.go:126.58,129.4 2 0
salesmee/internal/handlers/auth.go:132.2,134.9 3 0
salesmee/internal/handlers/auth.go:134.9,137.3 2 0
salesmee/internal/handlers/auth.go:139.2,149.5 1 0
salesmee/internal/handlers/auth.go:152.36,153.64 1 0
salesmee/internal/handlers/auth.go:153.64,154.58 1 0
salesmee/internal/handlers/auth.go:154.58,157.4 2 0
salesmee/internal/handlers/auth.go:160.2,162.9 3 0
salesmee/internal/handlers/auth.go:162.9,165.3 2 0
salesmee/internal/handlers/auth.go:167.2,168.61 2 0
salesmee/internal/handlers/auth.go:168.61,182.3 2 0
salesmee/internal/handlers/auth.go:184.2,187.19 3 0
salesmee/internal/handlers/auth.go:187.19,189.3 1 0
salesmee/internal/handlers/auth.go:190.2,190.20 1 0
salesmee/internal/handlers/auth.go:190.20,192.3 1 0
salesmee/internal/handlers/auth.go:194.2,200.72 6 0
salesmee/internal/handlers/auth.go:203.40,204.64 1 0
salesmee/internal/handlers/auth.go:204.64,205.58 1 0
salesmee/internal/handlers/auth.go:205.58,208.4 2 0
salesmee/internal/handlers/auth.go:211.2,213.9 3 0
salesmee/internal/handlers/auth.go:213.9,216.3 2 0
salesmee/internal/handlers/auth.go:218.2,227.5 1 0
salesmee/internal/handlers/auth.go:230.36,231.64 1 0
salesmee/internal/handlers/auth.go:231.64,232.58 1 0
salesmee/internal/handlers/auth.go:232.58,235.4 2 0
salesmee/internal/handlers/auth.go:238.2,240.9 3 0
salesmee/internal/handlers/auth.go:240.9,243.3 2 0
salesmee/internal/handlers/auth.go:245.2,247.41 2 0
salesmee/internal/handlers/auth.go:247.41,260.3 2 0
salesmee/internal/handlers/auth.go:262.2,265.16 3 0
salesmee/internal/handlers/auth.go:265.16,267.3 1 0
salesmee/internal/handlers/auth.go:269.2,270.19 2 0
salesmee/internal/handlers/auth.go:270.19,272.3 1 0
salesmee/internal/handlers/auth.go:273.2,274.20 2 0
salesmee/internal/handlers/auth.go:274.20,276.3 1 0
salesmee/internal/handlers/auth.go:278.2,290.50 2 0
salesmee/internal/handlers/auth.go:290.50,304.3 3 0
salesmee/internal/handlers/auth.go:307.2,313.26 6 0
salesmee/internal/handlers/auth.go:313.26,315.3 1 0
salesmee/internal/handlers/auth.go:316.2,322.16 5 0
salesmee/internal/handlers/auth.go:322.16,325.3 2 0
salesmee/internal/handlers/auth.go:327.2,328.43 2 0
salesmee/internal/handlers/auth.go:331.28,336.75 4 0
salesmee/internal/handlers/auth.go:336.75,342.3 2 0
salesmee/internal/handlers/auth.go:344.2,344.71 1 0
salesmee/internal/handlers/auth.go:344.71,350.3 2 0
salesmee/internal/handlers/auth.go:352.2,353.16 2 0
salesmee/internal/handlers/auth.go:353.16,359.3 2 0
salesmee/internal/handlers/auth.go:361.2,362.43 2 0
salesmee/internal/handlers/auth.go:365.29,368.2 2 0
salesmee/internal/handlers/dev.go:11.30,15.12 3 0
salesmee/internal/handlers/dev.go:15.12,17.3 1 0
salesmee/internal/handlers/dev.go:20.2,21.12 2 0
salesmee/internal/handlers/dev.go:21.12,23.3 1 0
salesmee/internal/handlers/dev.go:25.2,29.4 1 0
salesmee/internal/handlers/dev.go:32.27,37.2 1 0
salesmee/internal/handlers/dev.go:39.32,47.2 4 0
salesmee/internal/handlers/dev.go:49.33,59.2 5 0
salesmee/internal/handlers/dev.go:61.33,66.2 4 0
salesmee/internal/handlers/email_verification.go:15.47,19.65 3 0
salesmee/internal/handlers/email_verification.go:19.65,22.3 2 0
salesmee/internal/handlers/email_verification.go:24.2,24.28 1 0
salesmee/internal/handlers/email_verification.go:24.28,27.3 2 0
salesmee/internal/handlers/email_verification.go:29.2,36.26 6 0
salesmee/internal/handlers/email_verification.go:36.26,38.3 1 0
salesmee/internal/handlers/email_verification.go:39.2,41.83 2 0
salesmee/internal/handlers/email_verification.go:41.83,44.3 2 0
salesmee/internal/handlers/email_verification.go:46.2,46.68 1 0
salesmee/internal/handlers/email_verification.go:49.42,51.17 2 0
salesmee/internal/handlers/email_verification.go:51.17,57.3 2 0
salesmee/internal/handlers/email_verification.go:59.2,60.92 2 0
salesmee/internal/handlers/email_verification.go:60.92,66.3 2 0
salesmee/internal/handlers/email_verification.go:68.2,76.4 2 0
salesmee/internal/handlers/errors.go:9.30,13.2 1 0
salesmee/internal/handlers/errors.go:15.30,19.2 1 0
salesmee/internal/handlers/guide.go:9.32,11.2 1 0
salesmee/internal/handlers/home.go:7.31,9.2 1 0
salesmee/internal/handlers/insights.go:24.34,26.35 2 0
salesmee/internal/handlers/insights.go:26.35,27.21 1 0
salesmee/internal/handlers/insights.go:27.21,29.4 1 0
salesmee/internal/handlers/insights.go:31.2,31.14 1 0
salesmee/internal/handlers/insights.go:34.35,35.35 1 0
salesmee/internal/handlers/insights.go:35.35,36.20 1 0
salesmee/internal/handlers/insights.go:36.20,38.4 1 0
salesmee/internal/handlers/insights.go:40.2,40.12 1 0
salesmee/internal/handlers/insights.go:45.57,47.65 2 0
salesmee/internal/handlers/insights.go:47.65,49.3 1 0
salesmee/internal/handlers/insights.go:50.2,86.30 29 0
salesmee/internal/handlers/insights.go:86.30,88.3 1 0
salesmee/internal/handlers/insights.go:89.2,89.19 1 0
salesmee/internal/handlers/insights.go:89.19,91.3 1 0
salesmee/internal/handlers/insights.go:93.2,104.22 10 0
salesmee/internal/handlers/insights.go:104.22,106.3 1 0
salesmee/internal/handlers/insights.go:106.8,106.28 1 0
salesmee/internal/handlers/insights.go:106.28,108.3 1 0
salesmee/internal/handlers/insights.go:110.2,110.23 1 0
salesmee/internal/handlers/insights.go:110.23,112.3 1 0
salesmee/internal/handlers/insights.go:114.2,115.43 2 0
salesmee/internal/handlers/insights.go:115.43,117.3 1 0
salesmee/internal/handlers/insights.go:117.8,117.31 1 0
salesmee/internal/handlers/insights.go:117.31,119.3 1 0
salesmee/internal/handlers/insights.go:121.2,124.27 4 0
salesmee/internal/handlers/insights.go:124.27,126.3 1 0
salesmee/internal/handlers/insights.go:126.8,126.34 1 0
salesmee/internal/handlers/insights.go:126.34,128.3 1 0
salesmee/internal/handlers/insights.go:128.8,128.33 1 0
salesmee/internal/handlers/insights.go:128.33,130.3 1 0
salesmee/internal/handlers/insights.go:130.8,130.33 1 0
salesmee/internal/handlers/insights.go:130.33,132.3 1 0
salesmee/internal/handlers/insights.go:134.2,141.122 7 0
salesmee/internal/handlers/insights.go:141.122,143.3 1 0
salesmee/internal/handlers/insights.go:143.8,145.115 2 0
salesmee/internal/handlers/insights.go:145.115,147.4 1 0
salesmee/internal/handlers/insights.go:150.2,151.97 2 0
salesmee/internal/handlers/insights.go:151.97,156.3 1 0
salesmee/internal/handlers/insights.go:158.2,174.22 16 0
salesmee/internal/handlers/insights.go:177.51,179.16 2 0
salesmee/internal/handlers/insights.go:179.16,182.3 2 0
salesmee/internal/handlers/insights.go:184.2,190.4 4 0
salesmee/internal/handlers/insights.go:193.51,195.16 2 0
salesmee/internal/handlers/insights.go:195.16,198.3 2 0
salesmee/internal/handlers/insights.go:200.2,211.4 7 0
salesmee/internal/handlers/insights.go:214.50,216.16 2 0
salesmee/internal/handlers/insights.go:216.16,219.3 2 0
salesmee/internal/handlers/insights.go:221.2,228.4 4 0
salesmee/internal/handlers/legal.go:13.34,15.2 1 0
salesmee/internal/handlers/legal.go:17.32,19.2 1 0
salesmee/internal/handlers/legal.go:21.34,23.2 1 0
salesmee/internal/handlers/legal.go:25.39,33.2 2 0
salesmee/internal/handlers/legal.go:35.41,53.2 7 0
salesmee/internal/handlers/legal.go:55.41,57.40 2 0
salesmee/internal/handlers/legal.go:57.40,59.3 1 0
salesmee/internal/handlers/legal.go:60.2,60.33 1 0
salesmee/internal/handlers/media_helper.go:14.78,16.16 2 0
salesmee/internal/handlers/media_helper.go:16.16,18.3 1 0
salesmee/internal/handlers/media_helper.go:19.2,23.13 4 0
salesmee/internal/handlers/media_helper.go:24.48,25.22 1 0
salesmee/internal/handlers/media_helper.go:26.64,27.25 1 0
salesmee/internal/handlers/media_helper.go:28.55,29.22 1 0
salesmee/internal/handlers/media_helper.go:30.10,31.62 1 0
salesmee/internal/handlers/media_helper.go:34.2,34.32 1 0
salesmee/internal/handlers/media_helper.go:34.32,36.3 1 0
salesmee/internal/handlers/media_helper.go:38.2,39.53 2 0
salesmee/internal/handlers/media_helper.go:39.53,41.3 1 0
salesmee/internal/handlers/media_helper.go:43.2,45.16 3 0
salesmee/internal/handlers/media_helper.go:45.16,47.3 1 0
salesmee/internal/handlers/media_helper.go:48.2,50.46 2 0
salesmee/internal/handlers/media_helper.go:50.46,52.3 1 0
salesmee/internal/handlers/media_helper.go:54.2,55.33 2 0
salesmee/internal/handlers/message.go:27.34,33.16 5 0
salesmee/internal/handlers/message.go:33.16,37.3 3 0
salesmee/internal/handlers/message.go:40.2,41.122 2 0
salesmee/internal/handlers/message.go:41.122,45.3 3 0
salesmee/internal/handlers/message.go:48.2,49.61 2 0
salesmee/internal/handlers/message.go:49.61,52.3 2 0
salesmee/internal/handlers/message.go:55.2,59.99 3 0
salesmee/internal/handlers/message.go:59.99,66.55 2 0
salesmee/internal/handlers/message.go:66.55,70.4 3 0
salesmee/internal/handlers/message.go:74.2,78.31 4 0
salesmee/internal/handlers/message.go:78.31,90.3 2 0
salesmee/internal/handlers/message.go:93.2,95.31 3 0
salesmee/internal/handlers/message.go:95.31,101.35 5 0
salesmee/internal/handlers/message.go:101.35,102.30 1 0
salesmee/internal/handlers/message.go:102.30,104.5 1 0
salesmee/internal/handlers/message.go:105.4,105.58 1 0
salesmee/internal/handlers/message.go:108.3,109.35 2 0
salesmee/internal/handlers/message.go:109.35,118.28 2 0
salesmee/internal/handlers/message.go:118.28,120.5 1 0
salesmee/internal/handlers/message.go:121.4,121.34 1 0
salesmee/internal/handlers/message.go:124.3,127.23 3 0
salesmee/internal/handlers/message.go:128.16,130.19 2 0
salesmee/internal/handlers/message.go:131.18,132.62 1 0
salesmee/internal/handlers/message.go:132.62,134.5 1 0
salesmee/internal/handlers/message.go:134.10,134.69 1 0
salesmee/internal/handlers/message.go:134.69,136.5 1 0
salesmee/internal/handlers/message.go:136.10,138.5 1 0
salesmee/internal/handlers/message.go:139.27,140.31 1 0
salesmee/internal/handlers/message.go:141.20,142.27 1 0
salesmee/internal/handlers/message.go:143.20,144.27 1 0
salesmee/internal/handlers/message.go:145.20,146.27 1 0
salesmee/internal/handlers/message.go:147.11,148.27 1 0
salesmee/internal/handlers/message.go:151.3,152.20 2 0
salesmee/internal/handlers/message.go:152.20,154.4 1 0
salesmee/internal/handlers/message.go:157.3,196.5 6 0
salesmee/internal/handlers/message.go:200.2,202.35 3 0
salesmee/internal/handlers/message.go:202.35,209.37 6 0
salesmee/internal/handlers/message.go:209.37,211.70 2 0
salesmee/internal/handlers/message.go:211.70,214.28 3 0
salesmee/internal/handlers/message.go:214.28,216.6 1 0
salesmee/internal/handlers/message.go:220.3,221.27 2 0
salesmee/internal/handlers/message.go:221.27,223.4 1 0
salesmee/internal/handlers/message.go:226.3,234.91 6 0
salesmee/internal/handlers/message.go:234.91,236.4 1 0
salesmee/internal/handlers/message.go:236.9,238.4 1 0
salesmee/internal/handlers/message.go:240.3,269.5 2 0
salesmee/internal/handlers/message.go:273.2,273.40 1 0
salesmee/internal/handlers/message.go:273.40,274.45 1 0
salesmee/internal/handlers/message.go:274.45,275.64 1 0
salesmee/internal/handlers/message.go:275.64,277.5 1 0
salesmee/internal/handlers/message.go:281.2,282.98 2 0
salesmee/internal/handlers/message.go:282.98,292.3 1 0
salesmee/internal/handlers/message.go:294.2,300.4 1 0
salesmee/internal/handlers/message.go:303.36,306.16 3 0
salesmee/internal/handlers/message.go:306.16,309.3 2 0
salesmee/internal/handlers/message.go:312.2,313.122 2 0
salesmee/internal/handlers/message.go:313.122,316.3 2 0
salesmee/internal/handlers/message.go:319.2,320.61 2 0
salesmee/internal/handlers/message.go:320.61,323.3 2 0
salesmee/internal/handlers/message.go:325.2,335.81 4 0
salesmee/internal/handlers/message.go:335.81,337.17 2 0
salesmee/internal/handlers/message.go:337.17,340.9 3 0
salesmee/internal/handlers/message.go:344.2,344.53 1 0
salesmee/internal/handlers/message.go:344.53,347.3 2 0
salesmee/internal/handlers/message.go:349.2,354.4 2 0
salesmee/internal/handlers/message.go:357.36,359.16 2 0
salesmee/internal/handlers/message.go:359.16,362.3 2 0
salesmee/internal/handlers/message.go:364.2,368.51 2 0
salesmee/internal/handlers/message.go:368.51,371.3 2 0
salesmee/internal/handlers/message.go:373.2,374.63 2 0
salesmee/internal/handlers/message.go:374.63,377.3 2 0
salesmee/internal/handlers/message.go:379.2,380.51 2 0
salesmee/internal/handlers/message.go:380.51,383.3 2 0
salesmee/internal/handlers/message.go:385.2,385.57 1 0
salesmee/internal/handlers/message.go:388.45,391.16 3 0
salesmee/internal/handlers/message.go:391.16,394.3 2 0
salesmee/internal/handlers/message.go:397.2,400.62 2 0
salesmee/internal/handlers/message.go:400.62,403.3 2 0
salesmee/internal/handlers/message.go:406.2,411.24 1 0
salesmee/internal/handlers/message.go:411.24,414.3 2 0
salesmee/internal/handlers/message.go:416.2,416.36 1 0
salesmee/internal/handlers/message.go:419.51,422.16 3 0
salesmee/internal/handlers/message.go:422.16,425.3 2 0
salesmee/internal/handlers/message.go:427.2,430.60 2 0
salesmee/internal/handlers/message.go:430.60,433.3 2 0
salesmee/internal/handlers/message.go:435.2,435.36 1 0
salesmee/internal/handlers/password_reset.go:17.41,21.2 1 0
salesmee/internal/handlers/password_reset.go:23.41,25.17 2 0
salesmee/internal/handlers/password_reset.go:25.17,31.3 2 0
salesmee/internal/handlers/password_reset.go:33.2,34.79 2 0
salesmee/internal/handlers/password_reset.go:34.79,41.3 2 0
salesmee/internal/handlers/password_reset.go:44.2,55.51 5 0
salesmee/internal/handlers/password_reset.go:55.51,61.3 2 0
salesmee/internal/handlers/password_reset.go:63.2,64.26 2 0
salesmee/internal/handlers/password_reset.go:64.26,66.3 1 0
salesmee/internal/handlers/password_reset.go:67.2,69.74 2 0
salesmee/internal/handlers/password_reset.go:69.74,75.3 2 0
salesmee/internal/handlers/password_reset.go:77.2,80.5 1 0
salesmee/internal/handlers/password_reset.go:83.40,85.17 2 0
salesmee/internal/handlers/password_reset.go:85.17,88.3 2 0
salesmee/internal/handlers/password_reset.go:90.2,91.127 2 0
salesmee/internal/handlers/password_reset.go:91.127,97.3 2 0
salesmee/internal/handlers/password_reset.go:99.2,102.5 1 0
salesmee/internal/handlers/password_reset.go:105.42,109.35 3 0
salesmee/internal/handlers/password_reset.go:109.35,116.3 2 0
salesmee/internal/handlers/password_reset.go:118.2,118.23 1 0
salesmee/internal/handlers/password_reset.go:118.23,125.3 2 0
salesmee/internal/handlers/password_reset.go:127.2,128.127 2 0
salesmee/internal/handlers/password_reset.go:128.127,134.3 2 0
salesmee/internal/handlers/password_reset.go:136.2,143.49 6 0
salesmee/internal/handlers/registration_store.go:32.13,34.2 1 0
salesmee/internal/handlers/registration_store.go:36.40,37.6 1 0
salesmee/internal/handlers/registration_store.go:37.6,40.37 3 0
salesmee/internal/handlers/registration_store.go:40.37,41.51 1 0
salesmee/internal/handlers/registration_store.go:41.51,43.5 1 0
salesmee/internal/handlers/registration_store.go:45.3,45.17 1 0
salesmee/internal/handlers/registration_store.go:49.66,60.2 8 0
salesmee/internal/handlers/registration_store.go:62.74,68.2 4 0
salesmee/internal/handlers/registration_store.go:70.51,75.2 3 0
salesmee/internal/handlers/seo.go:21.33,35.2 1 0
salesmee/internal/handlers/seo.go:37.32,47.2 1 0
salesmee/internal/handlers/social_auth.go:25.57,26.38 1 0
salesmee/internal/handlers/social_auth.go:26.38,28.3 1 0
salesmee/internal/handlers/social_auth.go:29.2,29.30 1 0
salesmee/internal/handlers/social_auth.go:32.61,33.40 1 0
salesmee/internal/handlers/social_auth.go:33.40,35.3 1 0
salesmee/internal/handlers/social_auth.go:36.2,36.32 1 0
salesmee/internal/handlers/social_auth.go:39.29,43.2 3 0
salesmee/internal/handlers/social_auth.go:45.49,50.2 4 0
salesmee/internal/handlers/social_auth.go:52.51,55.55 3 0
salesmee/internal/handlers/social_auth.go:55.55,61.3 2 0
salesmee/internal/handlers/social_auth.go:62.2,65.16 3 0
salesmee/internal/handlers/social_auth.go:65.16,71.3 2 0
salesmee/internal/handlers/social_auth.go:73.2,74.16 2 0
salesmee/internal/handlers/social_auth.go:74.16,80.3 2 0
salesmee/internal/handlers/social_auth.go:82.2,83.121 2 0
salesmee/internal/handlers/social_auth.go:83.121,93.3 3 0
salesmee/internal/handlers/social_auth.go:95.2,95.29 1 0
salesmee/internal/handlers/social_auth.go:95.29,98.27 3 0
salesmee/internal/handlers/social_auth.go:98.27,100.4 1 0
salesmee/internal/handlers/social_auth.go:101.3,101.24 1 0
salesmee/internal/handlers/social_auth.go:104.2,105.16 2 0
salesmee/internal/handlers/social_auth.go:105.16,111.3 2 0
salesmee/internal/handlers/social_auth.go:113.2,114.43 2 0
salesmee/internal/handlers/social_auth.go:117.51,122.2 4 0
salesmee/internal/handlers/social_auth.go:124.53,127.55 3 0
salesmee/internal/handlers/social_auth.go:127.55,133.3 2 0
salesmee/internal/handlers/social_auth.go:134.2,137.16 3 0
salesmee/internal/handlers/social_auth.go:137.16,143.3 2 0
salesmee/internal/handlers/social_auth.go:145.2,146.16 2 0
salesmee/internal/handlers/social_auth.go:146.16,152.3 2 0
salesmee/internal/handlers/social_auth.go:154.2,155.123 2 0
salesmee/internal/handlers/social_auth.go:155.123,165.3 3 0
salesmee/internal/handlers/social_auth.go:167.2,167.31 1 0
salesmee/internal/handlers/social_auth.go:167.31,170.27 3 0
salesmee/internal/handlers/social_auth.go:170.27,172.4 1 0
salesmee/internal/handlers/social_auth.go:173.3,173.24 1 0
salesmee/internal/handlers/social_auth.go:176.2,177.16 2 0
salesmee/internal/handlers/social_auth.go:177.16,183.3 2 0
salesmee/internal/handlers/social_auth.go:185.2,186.43 2 0
salesmee/internal/handlers/social_auth.go:189.41,192.9 3 0
salesmee/internal/handlers/social_auth.go:192.9,195.3 2 0
salesmee/internal/handlers/social_auth.go:197.2,203.5 1 0
salesmee/internal/handlers/social_auth.go:206.45,209.9 3 0
salesmee/internal/handlers/social_auth.go:209.9,212.3 2 0
salesmee/internal/handlers/social_auth.go:214.2,215.61 2 0
salesmee/internal/handlers/social_auth.go:215.61,225.3 2 0
salesmee/internal/handlers/social_auth.go:227.2,228.16 2 0
salesmee/internal/handlers/social_auth.go:228.16,230.3 1 0
salesmee/internal/handlers/social_auth.go:232.2,246.50 2 0
salesmee/internal/handlers/social_auth.go:246.50,257.3 3 0
salesmee/internal/handlers/social_auth.go:259.2,262.16 3 0
salesmee/internal/handlers/social_auth.go:262.16,265.3 2 0
salesmee/internal/handlers/social_auth.go:267.2,268.43 2 0
salesmee/internal/routes/admin_routes.go:9.38,17.2 5 0
salesmee/internal/routes/admin_routes.go:17.2,24.3 6 0
salesmee/internal/routes/business_routes.go:15.41,53.2 24 0
salesmee/internal/routes/business_routes.go:53.2,189.3 102 0
salesmee/internal/routes/business_routes.go:192.2,193.68 2 0
salesmee/internal/routes/client_routes.go:10.39,29.2 11 0
salesmee/internal/routes/client_routes.go:29.2,55.3 25 0
salesmee/internal/routes/routes.go:10.27,23.2 6 0
salesmee/internal/routes/routes.go:23.2,25.3 1 0
salesmee/internal/routes/routes.go:28.2,28.47 1 0
salesmee/internal/routes/routes.go:28.47,32.3 1 0
salesmee/internal/routes/routes.go:35.2,35.40 1 0
salesmee/internal/routes/routes.go:35.40,39.3 1 0
salesmee/internal/routes/routes.go:42.2,42.33 1 0
salesmee/internal/routes/routes.go:42.33,44.3 2 0
salesmee/internal/routes/routes.go:44.3,49.4 4 0
salesmee/internal/routes/routes.go:53.2,68.68 10 0
salesmee/internal/services/subscription/limits.go:15.71,17.94 2 0
salesmee/internal/services/subscription/limits.go:17.94,19.3 1 0
salesmee/internal/services/subscription/limits.go:21.2,26.71 5 0
salesmee/internal/services/subscription/limits.go:26.71,28.26 2 0
salesmee/internal/services/subscription/limits.go:28.26,30.4 1 0
salesmee/internal/services/subscription/limits.go:30.9,30.36 1 0
salesmee/internal/services/subscription/limits.go:30.36,32.4 1 0
salesmee/internal/services/subscription/limits.go:33.3,33.27 1 0
salesmee/internal/services/subscription/limits.go:33.27,35.4 1 0
salesmee/internal/services/subscription/limits.go:35.9,35.36 1 0
salesmee/internal/services/subscription/limits.go:35.36,37.4 1 0
salesmee/internal/services/subscription/limits.go:38.3,38.27 1 0
salesmee/internal/services/subscription/limits.go:38.27,40.4 1 0
salesmee/internal/services/subscription/limits.go:40.9,40.36 1 0
salesmee/internal/services/subscription/limits.go:40.36,42.4 1 0
salesmee/internal/services/subscription/limits.go:43.3,43.32 1 0
salesmee/internal/services/subscription/limits.go:43.32,45.4 1 0
salesmee/internal/services/subscription/limits.go:45.9,45.36 1 0
salesmee/internal/services/subscription/limits.go:45.36,47.4 1 0
salesmee/internal/services/subscription/limits.go:50.2,51.18 2 0
salesmee/internal/services/subscription/limits.go:52.16,53.85 1 0
salesmee/internal/services/subscription/limits.go:54.17,55.86 1 0
salesmee/internal/services/subscription/limits.go:56.17,57.86 1 0
salesmee/internal/services/subscription/limits.go:58.22,59.91 1 0
salesmee/internal/services/subscription/limits.go:60.10,61.71 1 0
salesmee/internal/services/subscription/limits.go:64.2,65.18 2 0
salesmee/internal/services/subscription/limits.go:66.16,67.21 1 0
salesmee/internal/services/subscription/limits.go:68.17,69.22 1 0
salesmee/internal/services/subscription/limits.go:70.17,71.22 1 0
salesmee/internal/services/subscription/limits.go:72.22,73.27 1 0
salesmee/internal/services/subscription/limits.go:76.2,76.17 1 0
salesmee/internal/services/subscription/limits.go:76.17,78.3 1 0
salesmee/internal/services/subscription/limits.go:80.2,80.27 1 0
salesmee/internal/services/subscription/limits.go:80.27,87.3 1 0
salesmee/internal/services/subscription/limits.go:89.2,93.3 1 0
salesmee/internal/services/subscription/limits.go:96.55,98.94 2 0
salesmee/internal/services/subscription/limits.go:98.94,100.3 1 0
salesmee/internal/services/subscription/limits.go:102.2,102.72 1 0
salesmee/internal/services/subscription/limits.go:102.72,104.3 1 0
salesmee/internal/services/subscription/limits.go:106.2,107.17 2 0
salesmee/internal/services/subscription/limits.go:108.19,109.27 1 0
salesmee/internal/services/subscription/limits.go:110.23,111.30 1 0
salesmee/internal/services/subscription/limits.go:112.26,113.33 1 0
salesmee/internal/services/subscription/limits.go:114.29,115.35 1 0
salesmee/internal/services/subscription/limits.go:116.10,117.15 1 0
salesmee/internal/services/subscription/strategy.go:32.41,32.61 1 0
salesmee/internal/services/subscription/strategy.go:34.84,35.43 1 0
salesmee/internal/services/subscription/strategy.go:35.43,37.3 1 0
salesmee/internal/services/subscription/strategy.go:38.2,38.12 1 0
salesmee/internal/services/subscription/strategy.go:41.152,43.24 2 0
salesmee/internal/services/subscription/strategy.go:43.24,46.3 2 0
salesmee/internal/services/subscription/strategy.go:46.8,49.3 2 0
salesmee/internal/services/subscription/strategy.go:50.2,50.33 1 0
salesmee/internal/services/subscription/strategy.go:50.33,52.3 1 0
salesmee/internal/services/subscription/strategy.go:53.2,58.8 2 0
salesmee/internal/services/subscription/strategy.go:61.113,63.2 1 0
salesmee/internal/services/subscription/strategy.go:67.43,67.65 1 0
salesmee/internal/services/subscription/strategy.go:69.86,70.43 1 0
salesmee/internal/services/subscription/strategy.go:70.43,72.3 1 0
salesmee/internal/services/subscription/strategy.go:73.2,73.12 1 0
salesmee/internal/services/subscription/strategy.go:76.154,82.2 1 0
salesmee/internal/services/subscription/strategy.go:84.115,86.82 2 0
salesmee/internal/services/subscription/strategy.go:86.82,88.3 1 0
salesmee/internal/services/subscription/strategy.go:89.2,89.58 1 0
salesmee/internal/services/subscription/strategy.go:94.40,94.59 1 0
salesmee/internal/services/subscription/strategy.go:96.83,98.2 1 0
salesmee/internal/services/subscription/strategy.go:100.151,106.2 1 0
salesmee/internal/services/subscription/strategy.go:108.112,112.2 1 0
salesmee/internal/services/subscription/strategy.go:116.44,116.67 1 0
salesmee/internal/services/subscription/strategy.go:118.87,120.2 1 0
salesmee/internal/services/subscription/strategy.go:122.155,124.24 2 0
salesmee/internal/services/subscription/strategy.go:124.24,126.3 1 0
salesmee/internal/services/subscription/strategy.go:126.8,128.3 1 0
salesmee/internal/services/subscription/strategy.go:129.2,133.8 1 0
salesmee/internal/services/subscription/strategy.go:136.116,143.2 1 0
salesmee/internal/services/subscription/strategy.go:145.102,146.39 1 0
salesmee/internal/services/subscription/strategy.go:146.39,148.3 1 0
salesmee/internal/services/subscription/strategy.go:149.2,149.29 1 0
salesmee/internal/services/subscription/strategy.go:149.29,151.3 1 0
salesmee/internal/services/subscription/strategy.go:152.2,152.42 1 0
salesmee/internal/services/subscription/strategy.go:152.42,154.3 1 0
salesmee/internal/services/subscription/strategy.go:155.2,155.42 1 0
salesmee/internal/services/subscription/strategy.go:155.42,157.3 1 0
salesmee/internal/services/subscription/strategy.go:158.2,158.62 1 0
